order_id,order_date,status,customer_id,customer_name,customer_phone,customer_email,city,district,delivery_type,delivery_cost,payment_method,payment_status,payment_amount,currency,total_amount,items_json
ORD-CLN-00001,2026-08-20T10:00:00,مؤكد,CUST-00001,العميل رقم 1,+967771000001,client_1@example.com,صنعاء,السبعين,سريع,2000.0,كاش,تم الدفع,8000.0,YER,10000.0,"[{""sku"":""SKU-1"",""name"":""Product A"",""qty"":2,""unit_price"":4000.0,""total"":8000.0}]"
ORD-CLN-00002,2026-08-20T10:00:00,مؤكد,CUST-00002,العميل رقم 2,+967771000002,client_2@example.com,صنعاء,السبعين,سريع,2000.0,كاش,تم الدفع,8000.0,YER,10000.0,"[{""sku"":""SKU-1"",""name"":""Product A"",""qty"":2,""unit_price"":4000.0,""total"":8000.0}]"
ORD-CLN-00003,2026-08-20T10:00:00,مؤكد,CUST-00003,العميل رقم 3,+967771000003,client_3@example.com,صنعاء,السبعين,سريع,2000.0,كاش,تم الدفع,8000.0,YER,10000.0,"[{""sku"":""SKU-1"",""name"":""Product A"",""qty"":2,""unit_price"":4000.0,""total"":8000.0}]"
ORD-CLN-00004,2026-08-20T10:00:00,مؤكد,CUST-00004,العميل رقم 4,+967771000004,client_4@example.com,صنعاء,السبعين,سريع,2000.0,كاش,تم الدفع,8000.0,YER,10000.0,"[{""sku"":""SKU-1"",""name"":""Product A"",""qty"":2,""unit_price"":4000.0,""total"":8000.0}]"
ORD-CLN-00005,2026-08-20T10:00:00,مؤكد,CUST-00005,العميل رقم 5,+967771000005,client_5@example.com,صنعاء,السبعين,سريع,2000.0,كاش,تم الدفع,8000.0,YER,10000.0,"[{""sku"":""SKU-1"",""name"":""Product A"",""qty"":2,""unit_price"":4000.0,""total"":8000.0}]"
ORD-CLN-00006,2026-08-20T10:00:00,مؤكد,CUST-00006,العميل رقم 6,+967771000006,client_6@example.com,صنعاء,السبعين,سريع,2000.0,كاش,تم الدفع,8000.0,YER,10000.0,"[{""sku"":""SKU-1"",""name"":""Product A"",""qty"":2,""unit_price"":4000.0,""total"":8000.0}]"
ORD-CLN-00007,2026-08-20T10:00:00,مؤكد,CUST-00007,العميل رقم 7,+967771000007,client_7@example.com,صنعاء,السبعين,سريع,2000.0,كاش,تم الدفع,8000.0,YER,10000.0,"[{""sku"":""SKU-1"",""name"":""Product A"",""qty"":2,""unit_price"":4000.0,""total"":8000.0}]"
ORD-CLN-00008,2026-08-20T10:00:00,مؤكد,CUST-00008,العميل رقم 8,+967771000008,client_8@example.com,صنعاء,السبعين,سريع,2000.0,كاش,تم الدفع,8000.0,YER,10000.0,"[{""sku"":""SKU-1"",""name"":""Product A"",""qty"":2,""unit_price"":4000.0,""total"":8000.0}]"
ORD-CLN-00009,2026-08-20T10:00:00,مؤكد,CUST-00009,العميل رقم 9,+967771000009,client_9@example.com,صنعاء,السبعين,سريع,2000.0,كاش,تم الدفع,8000.0,YER,10000.0,"[{""sku"":""SKU-1"",""name"":""Product A"",""qty"":2,""unit_price"":4000.0,""total"":8000.0}]"
ORD-CLN-00010,2026-08-20T10:00:00,مؤكد,CUST-00010,العميل رقم 10,+967771000010,client_10@example.com,صنعاء,السبعين,سريع,2000.0,كاش,تم الدفع,8000.0,YER,10000.0,"[{""sku"":""SKU-1"",""name"":""Product A"",""qty"":2,""unit_price"":4000.0,""total"":8000.0}]"
ORD-CLN-00011,2026-08-20T10:00:00,مؤكد,CUST-00011,العميل رقم 11,+967771000011,client_11@example.com,صنعاء,السبعين,سريع,2000.0,كاش,تم الدفع,8000.0,YER,10000.0,"[{""sku"":""SKU-1"",""name"":""Product A"",""qty"":2,""unit_price"":4000.0,""total"":8000.0}]"
ORD-CLN-00012,2026-08-20T10:00:00,مؤكد,CUST-00012,العميل رقم 12,+967771000012,client_12@example.com,صنعاء,السبعين,سريع,2000.0,كاش,تم الدفع,8000.0,YER,10000.0,"[{""sku"":""SKU-1"",""name"":""Product A"",""qty"":2,""unit_price"":4000.0,""total"":8000.0}]"
ORD-CLN-00013,2026-08-20T10:00:00,مؤكد,CUST-00013,العميل رقم 13,+967771000013,client_13@example.com,صنعاء,السبعين,سريع,2000.0,كاش,تم الدفع,8000.0,YER,10000.0,"[{""sku"":""SKU-1"",""name"":""Product A"",""qty"":2,""unit_price"":4000.0,""total"":8000.0}]"
ORD-CLN-00014,2026-08-20T10:00:00,مؤكد,CUST-00014,العميل رقم 14,+967771000014,client_14@example.com,صنعاء,السبعين,سريع,2000.0,كاش,تم الدفع,8000.0,YER,10000.0,"[{""sku"":""SKU-1"",""name"":""Product A"",""qty"":2,""unit_price"":4000.0,""total"":8000.0}]"
ORD-CLN-00015,2026-08-20T10:00:00,مؤكد,CUST-00015,العميل رقم 15,+967771000015,client_15@example.com,صنعاء,السبعين,سريع,2000.0,كاش,تم الدفع,8000.0,YER,10000.0,"[{""sku"":""SKU-1"",""name"":""Product A"",""qty"":2,""unit_price"":4000.0,""total"":8000.0}]"
ORD-CLN-00016,2026-08-20T10:00:00,مؤكد,CUST-00016,العميل رقم 16,+967771000016,client_16@example.com,صنعاء,السبعين,سريع,2000.0,كاش,تم الدفع,8000.0,YER,10000.0,"[{""sku"":""SKU-1"",""name"":""Product A"",""qty"":2,""unit_price"":4000.0,""total"":8000.0}]"
ORD-CLN-00017,2026-08-20T10:00:00,مؤكد,CUST-00017,العميل رقم 17,+967771000017,client_17@example.com,صنعاء,السبعين,سريع,2000.0,كاش,تم الدفع,8000.0,YER,10000.0,"[{""sku"":""SKU-1"",""name"":""Product A"",""qty"":2,""unit_price"":4000.0,""total"":8000.0}]"
ORD-CLN-00018,2026-08-20T10:00:00,مؤكد,CUST-00018,العميل رقم 18,+967771000018,client_18@example.com,صنعاء,السبعين,سريع,2000.0,كاش,تم الدفع,8000.0,YER,10000.0,"[{""sku"":""SKU-1"",""name"":""Product A"",""qty"":2,""unit_price"":4000.0,""total"":8000.0}]"
ORD-CLN-00019,2026-08-20T10:00:00,مؤكد,CUST-00019,العميل رقم 19,+967771000019,client_19@example.com,صنعاء,السبعين,سريع,2000.0,كاش,تم الدفع,8000.0,YER,10000.0,"[{""sku"":""SKU-1"",""name"":""Product A"",""qty"":2,""unit_price"":4000.0,""total"":8000.0}]"
ORD-CLN-00020,2026-08-20T10:00:00,مؤكد,CUST-00020,العميل رقم 20,+967771000020,client_20@example.com,صنعاء,السبعين,سريع,2000.0,كاش,تم الدفع,8000.0,YER,10000.0,"[{""sku"":""SKU-1"",""name"":""Product A"",""qty"":2,""unit_price"":4000.0,""total"":8000.0}]"
ORD-CLN-00021,2026-08-20T10:00:00,مؤكد,CUST-00021,العميل رقم 21,+967771000021,client_21@example.com,صنعاء,السبعين,سريع,2000.0,كاش,تم الدفع,8000.0,YER,10000.0,"[{""sku"":""SKU-1"",""name"":""Product A"",""qty"":2,""unit_price"":4000.0,""total"":8000.0}]"
ORD-CLN-00022,2026-08-20T10:00:00,مؤكد,CUST-00022,العميل رقم 22,+967771000022,client_22@example.com,صنعاء,السبعين,سريع,2000.0,كاش,تم الدفع,8000.0,YER,10000.0,"[{""sku"":""SKU-1"",""name"":""Product A"",""qty"":2,""unit_price"":4000.0,""total"":8000.0}]"
ORD-CLN-00023,2026-08-20T10:00:00,مؤكد,CUST-00023,العميل رقم 23,+967771000023,client_23@example.com,صنعاء,السبعين,سريع,2000.0,كاش,تم الدفع,8000.0,YER,10000.0,"[{""sku"":""SKU-1"",""name"":""Product A"",""qty"":2,""unit_price"":4000.0,""total"":8000.0}]"
ORD-CLN-00024,2026-08-20T10:00:00,مؤكد,CUST-00024,العميل رقم 24,+967771000024,client_24@example.com,صنعاء,السبعين,سريع,2000.0,كاش,تم الدفع,8000.0,YER,10000.0,"[{""sku"":""SKU-1"",""name"":""Product A"",""qty"":2,""unit_price"":4000.0,""total"":8000.0}]"
ORD-CLN-00025,2026-08-20T10:00:00,مؤكد,CUST-00025,العميل رقم 25,+967771000025,client_25@example.com,صنعاء,السبعين,سريع,2000.0,كاش,تم الدفع,8000.0,YER,10000.0,"[{""sku"":""SKU-1"",""name"":""Product A"",""qty"":2,""unit_price"":4000.0,""total"":8000.0}]"
ORD-CLN-00026,2026-08-20T10:00:00,مؤكد,CUST-00026,العميل رقم 26,+967771000026,client_26@example.com,صنعاء,السبعين,سريع,2000.0,كاش,تم الدفع,8000.0,YER,10000.0,"[{""sku"":""SKU-1"",""name"":""Product A"",""qty"":2,""unit_price"":4000.0,""total"":8000.0}]"
ORD-CLN-00027,2026-08-20T10:00:00,مؤكد,CUST-00027,العميل رقم 27,+967771000027,client_27@example.com,صنعاء,السبعين,سريع,2000.0,كاش,تم الدفع,8000.0,YER,10000.0,"[{""sku"":""SKU-1"",""name"":""Product A"",""qty"":2,""unit_price"":4000.0,""total"":8000.0}]"
ORD-CLN-00028,2026-08-20T10:00:00,مؤكد,CUST-00028,العميل رقم 28,+967771000028,client_28@example.com,صنعاء,السبعين,سريع,2000.0,كاش,تم الدفع,8000.0,YER,10000.0,"[{""sku"":""SKU-1"",""name"":""Product A"",""qty"":2,""unit_price"":4000.0,""total"":8000.0}]"
ORD-CLN-00029,2026-08-20T10:00:00,مؤكد,CUST-00029,العميل رقم 29,+967771000029,client_29@example.com,صنعاء,السبعين,سريع,2000.0,كاش,تم الدفع,8000.0,YER,10000.0,"[{""sku"":""SKU-1"",""name"":""Product A"",""qty"":2,""unit_price"":4000.0,""total"":8000.0}]"
ORD-CLN-00030,2026-08-20T10:00:00,مؤكد,CUST-00030,العميل رقم 30,+967771000030,client_30@example.com,صنعاء,السبعين,سريع,2000.0,كاش,تم الدفع,8000.0,YER,10000.0,"[{""sku"":""SKU-1"",""name"":""Product A"",""qty"":2,""unit_price"":4000.0,""total"":8000.0}]"
ORD-CLN-00031,2026-08-20T10:00:00,مؤكد,CUST-00031,العميل رقم 31,+967771000031,client_31@example.com,صنعاء,السبعين,سريع,2000.0,كاش,تم الدفع,8000.0,YER,10000.0,"[{""sku"":""SKU-1"",""name"":""Product A"",""qty"":2,""unit_price"":4000.0,""total"":8000.0}]"
ORD-CLN-00032,2026-08-20T10:00:00,مؤكد,CUST-00032,العميل رقم 32,+967771000032,client_32@example.com,صنعاء,السبعين,سريع,2000.0,كاش,تم الدفع,8000.0,YER,10000.0,"[{""sku"":""SKU-1"",""name"":""Product A"",""qty"":2,""unit_price"":4000.0,""total"":8000.0}]"
ORD-CLN-00033,2026-08-20T10:00:00,مؤكد,CUST-00033,العميل رقم 33,+967771000033,client_33@example.com,صنعاء,السبعين,سريع,2000.0,كاش,تم الدفع,8000.0,YER,10000.0,"[{""sku"":""SKU-1"",""name"":""Product A"",""qty"":2,""unit_price"":4000.0,""total"":8000.0}]"
ORD-CLN-00034,2026-08-20T10:00:00,مؤكد,CUST-00034,العميل رقم 34,+967771000034,client_34@example.com,صنعاء,السبعين,سريع,2000.0,كاش,تم الدفع,8000.0,YER,10000.0,"[{""sku"":""SKU-1"",""name"":""Product A"",""qty"":2,""unit_price"":4000.0,""total"":8000.0}]"
ORD-CLN-00035,2026-08-20T10:00:00,مؤكد,CUST-00035,العميل رقم 35,+967771000035,client_35@example.com,صنعاء,السبعين,سريع,2000.0,كاش,تم الدفع,8000.0,YER,10000.0,"[{""sku"":""SKU-1"",""name"":""Product A"",""qty"":2,""unit_price"":4000.0,""total"":8000.0}]"
ORD-CLN-00036,2026-08-20T10:00:00,مؤكد,CUST-00036,العميل رقم 36,+967771000036,client_36@example.com,صنعاء,السبعين,سريع,2000.0,كاش,تم الدفع,8000.0,YER,10000.0,"[{""sku"":""SKU-1"",""name"":""Product A"",""qty"":2,""unit_price"":4000.0,""total"":8000.0}]"
ORD-CLN-00037,2026-08-20T10:00:00,مؤكد,CUST-00037,العميل رقم 37,+967771000037,client_37@example.com,صنعاء,السبعين,سريع,2000.0,كاش,تم الدفع,8000.0,YER,10000.0,"[{""sku"":""SKU-1"",""name"":""Product A"",""qty"":2,""unit_price"":4000.0,""total"":8000.0}]"
ORD-CLN-00038,2026-08-20T10:00:00,مؤكد,CUST-00038,العميل رقم 38,+967771000038,client_38@example.com,صنعاء,السبعين,سريع,2000.0,كاش,تم الدفع,8000.0,YER,10000.0,"[{""sku"":""SKU-1"",""name"":""Product A"",""qty"":2,""unit_price"":4000.0,""total"":8000.0}]"
ORD-CLN-00039,2026-08-20T10:00:00,مؤكد,CUST-00039,العميل رقم 39,+967771000039,client_39@example.com,صنعاء,السبعين,سريع,2000.0,كاش,تم الدفع,8000.0,YER,10000.0,"[{""sku"":""SKU-1"",""name"":""Product A"",""qty"":2,""unit_price"":4000.0,""total"":8000.0}]"
ORD-CLN-00040,2026-08-20T10:00:00,مؤكد,CUST-00040,العميل رقم 40,+967771000040,client_40@example.com,صنعاء,السبعين,سريع,2000.0,كاش,تم الدفع,8000.0,YER,10000.0,"[{""sku"":""SKU-1"",""name"":""Product A"",""qty"":2,""unit_price"":4000.0,""total"":8000.0}]"
ORD-CLN-00041,2026-08-20T10:00:00,مؤكد,CUST-00041,العميل رقم 41,+967771000041,client_41@example.com,صنعاء,السبعين,سريع,2000.0,كاش,تم الدفع,8000.0,YER,10000.0,"[{""sku"":""SKU-1"",""name"":""Product A"",""qty"":2,""unit_price"":4000.0,""total"":8000.0}]"
ORD-CLN-00042,2026-08-20T10:00:00,مؤكد,CUST-00042,العميل رقم 42,+967771000042,client_42@example.com,صنعاء,السبعين,سريع,2000.0,كاش,تم الدفع,8000.0,YER,10000.0,"[{""sku"":""SKU-1"",""name"":""Product A"",""qty"":2,""unit_price"":4000.0,""total"":8000.0}]"
ORD-CLN-00043,2026-08-20T10:00:00,مؤكد,CUST-00043,العميل رقم 43,+967771000043,client_43@example.com,صنعاء,السبعين,سريع,2000.0,كاش,تم الدفع,8000.0,YER,10000.0,"[{""sku"":""SKU-1"",""name"":""Product A"",""qty"":2,""unit_price"":4000.0,""total"":8000.0}]"
ORD-CLN-00044,2026-08-20T10:00:00,مؤكد,CUST-00044,العميل رقم 44,+967771000044,client_44@example.com,صنعاء,السبعين,سريع,2000.0,كاش,تم الدفع,8000.0,YER,10000.0,"[{""sku"":""SKU-1"",""name"":""Product A"",""qty"":2,""unit_price"":4000.0,""total"":8000.0}]"
ORD-CLN-00045,2026-08-20T10:00:00,مؤكد,CUST-00045,العميل رقم 45,+967771000045,client_45@example.com,صنعاء,السبعين,سريع,2000.0,كاش,تم الدفع,8000.0,YER,10000.0,"[{""sku"":""SKU-1"",""name"":""Product A"",""qty"":2,""unit_price"":4000.0,""total"":8000.0}]"
ORD-CLN-00046,2026-08-20T10:00:00,مؤكد,CUST-00046,العميل رقم 46,+967771000046,client_46@example.com,صنعاء,السبعين,سريع,2000.0,كاش,تم الدفع,8000.0,YER,10000.0,"[{""sku"":""SKU-1"",""name"":""Product A"",""qty"":2,""unit_price"":4000.0,""total"":8000.0}]"
ORD-CLN-00047,2026-08-20T10:00:00,مؤكد,CUST-00047,العميل رقم 47,+967771000047,client_47@example.com,صنعاء,السبعين,سريع,2000.0,كاش,تم الدفع,8000.0,YER,10000.0,"[{""sku"":""SKU-1"",""name"":""Product A"",""qty"":2,""unit_price"":4000.0,""total"":8000.0}]"
ORD-CLN-00048,2026-08-20T10:00:00,مؤكد,CUST-00048,العميل رقم 48,+967771000048,client_48@example.com,صنعاء,السبعين,سريع,2000.0,كاش,تم الدفع,8000.0,YER,10000.0,"[{""sku"":""SKU-1"",""name"":""Product A"",""qty"":2,""unit_price"":4000.0,""total"":8000.0}]"
ORD-CLN-00049,2026-08-20T10:00:00,مؤكد,CUST-00049,العميل رقم 49,+967771000049,client_49@example.com,صنعاء,السبعين,سريع,2000.0,كاش,تم الدفع,8000.0,YER,10000.0,"[{""sku"":""SKU-1"",""name"":""Product A"",""qty"":2,""unit_price"":4000.0,""total"":8000.0}]"
ORD-CLN-00050,2026-08-20T10:00:00,مؤكد,CUST-00050,العميل رقم 50,+967771000050,client_50@example.com,صنعاء,السبعين,سريع,2000.0,كاش,تم الدفع,8000.0,YER,10000.0,"[{""sku"":""SKU-1"",""name"":""Product A"",""qty"":2,""unit_price"":4000.0,""total"":8000.0}]"
ORD-CLN-00051,2026-08-20T10:00:00,مؤكد,CUST-00051,العميل رقم 51,+967771000051,client_51@example.com,صنعاء,السبعين,سريع,2000.0,كاش,تم الدفع,8000.0,YER,10000.0,"[{""sku"":""SKU-1"",""name"":""Product A"",""qty"":2,""unit_price"":4000.0,""total"":8000.0}]"
ORD-CLN-00052,2026-08-20T10:00:00,مؤكد,CUST-00052,العميل رقم 52,+967771000052,client_52@example.com,صنعاء,السبعين,سريع,2000.0,كاش,تم الدفع,8000.0,YER,10000.0,"[{""sku"":""SKU-1"",""name"":""Product A"",""qty"":2,""unit_price"":4000.0,""total"":8000.0}]"
ORD-CLN-00053,2026-08-20T10:00:00,مؤكد,CUST-00053,العميل رقم 53,+967771000053,client_53@example.com,صنعاء,السبعين,سريع,2000.0,كاش,تم الدفع,8000.0,YER,10000.0,"[{""sku"":""SKU-1"",""name"":""Product A"",""qty"":2,""unit_price"":4000.0,""total"":8000.0}]"
ORD-CLN-00054,2026-08-20T10:00:00,مؤكد,CUST-00054,العميل رقم 54,+967771000054,client_54@example.com,صنعاء,السبعين,سريع,2000.0,كاش,تم الدفع,8000.0,YER,10000.0,"[{""sku"":""SKU-1"",""name"":""Product A"",""qty"":2,""unit_price"":4000.0,""total"":8000.0}]"
ORD-CLN-00055,2026-08-20T10:00:00,مؤكد,CUST-00055,العميل رقم 55,+967771000055,client_55@example.com,صنعاء,السبعين,سريع,2000.0,كاش,تم الدفع,8000.0,YER,10000.0,"[{""sku"":""SKU-1"",""name"":""Product A"",""qty"":2,""unit_price"":4000.0,""total"":8000.0}]"
ORD-CLN-00056,2026-08-20T10:00:00,مؤكد,CUST-00056,العميل رقم 56,+967771000056,client_56@example.com,صنعاء,السبعين,سريع,2000.0,كاش,تم الدفع,8000.0,YER,10000.0,"[{""sku"":""SKU-1"",""name"":""Product A"",""qty"":2,""unit_price"":4000.0,""total"":8000.0}]"
ORD-CLN-00057,2026-08-20T10:00:00,مؤكد,CUST-00057,العميل رقم 57,+967771000057,client_57@example.com,صنعاء,السبعين,سريع,2000.0,كاش,تم الدفع,8000.0,YER,10000.0,"[{""sku"":""SKU-1"",""name"":""Product A"",""qty"":2,""unit_price"":4000.0,""total"":8000.0}]"
ORD-CLN-00058,2026-08-20T10:00:00,مؤكد,CUST-00058,العميل رقم 58,+967771000058,client_58@example.com,صنعاء,السبعين,سريع,2000.0,كاش,تم الدفع,8000.0,YER,10000.0,"[{""sku"":""SKU-1"",""name"":""Product A"",""qty"":2,""unit_price"":4000.0,""total"":8000.0}]"
ORD-CLN-00059,2026-08-20T10:00:00,مؤكد,CUST-00059,العميل رقم 59,+967771000059,client_59@example.com,صنعاء,السبعين,سريع,2000.0,كاش,تم الدفع,8000.0,YER,10000.0,"[{""sku"":""SKU-1"",""name"":""Product A"",""qty"":2,""unit_price"":4000.0,""total"":8000.0}]"
ORD-CLN-00060,2026-08-20T10:00:00,مؤكد,CUST-00060,العميل رقم 60,+967771000060,client_60@example.com,صنعاء,السبعين,سريع,2000.0,كاش,تم الدفع,8000.0,YER,10000.0,"[{""sku"":""SKU-1"",""name"":""Product A"",""qty"":2,""unit_price"":4000.0,""total"":8000.0}]"
ORD-CLN-00061,2026-08-20T10:00:00,مؤكد,CUST-00061,العميل رقم 61,+967771000061,client_61@example.com,صنعاء,السبعين,سريع,2000.0,كاش,تم الدفع,8000.0,YER,10000.0,"[{""sku"":""SKU-1"",""name"":""Product A"",""qty"":2,""unit_price"":4000.0,""total"":8000.0}]"
ORD-CLN-00062,2026-08-20T10:00:00,مؤكد,CUST-00062,العميل رقم 62,+967771000062,client_62@example.com,صنعاء,السبعين,سريع,2000.0,كاش,تم الدفع,8000.0,YER,10000.0,"[{""sku"":""SKU-1"",""name"":""Product A"",""qty"":2,""unit_price"":4000.0,""total"":8000.0}]"
ORD-CLN-00063,2026-08-20T10:00:00,مؤكد,CUST-00063,العميل رقم 63,+967771000063,client_63@example.com,صنعاء,السبعين,سريع,2000.0,كاش,تم الدفع,8000.0,YER,10000.0,"[{""sku"":""SKU-1"",""name"":""Product A"",""qty"":2,""unit_price"":4000.0,""total"":8000.0}]"
ORD-CLN-00064,2026-08-20T10:00:00,مؤكد,CUST-00064,العميل رقم 64,+967771000064,client_64@example.com,صنعاء,السبعين,سريع,2000.0,كاش,تم الدفع,8000.0,YER,10000.0,"[{""sku"":""SKU-1"",""name"":""Product A"",""qty"":2,""unit_price"":4000.0,""total"":8000.0}]"
ORD-CLN-00065,2026-08-20T10:00:00,مؤكد,CUST-00065,العميل رقم 65,+967771000065,client_65@example.com,صنعاء,السبعين,سريع,2000.0,كاش,تم الدفع,8000.0,YER,10000.0,"[{""sku"":""SKU-1"",""name"":""Product A"",""qty"":2,""unit_price"":4000.0,""total"":8000.0}]"
ORD-CLN-00066,2026-08-20T10:00:00,مؤكد,CUST-00066,العميل رقم 66,+967771000066,client_66@example.com,صنعاء,السبعين,سريع,2000.0,كاش,تم الدفع,8000.0,YER,10000.0,"[{""sku"":""SKU-1"",""name"":""Product A"",""qty"":2,""unit_price"":4000.0,""total"":8000.0}]"
ORD-CLN-00067,2026-08-20T10:00:00,مؤكد,CUST-00067,العميل رقم 67,+967771000067,client_67@example.com,صنعاء,السبعين,سريع,2000.0,كاش,تم الدفع,8000.0,YER,10000.0,"[{""sku"":""SKU-1"",""name"":""Product A"",""qty"":2,""unit_price"":4000.0,""total"":8000.0}]"
ORD-CLN-00068,2026-08-20T10:00:00,مؤكد,CUST-00068,العميل رقم 68,+967771000068,client_68@example.com,صنعاء,السبعين,سريع,2000.0,كاش,تم الدفع,8000.0,YER,10000.0,"[{""sku"":""SKU-1"",""name"":""Product A"",""qty"":2,""unit_price"":4000.0,""total"":8000.0}]"
ORD-CLN-00069,2026-08-20T10:00:00,مؤكد,CUST-00069,العميل رقم 69,+967771000069,client_69@example.com,صنعاء,السبعين,سريع,2000.0,كاش,تم الدفع,8000.0,YER,10000.0,"[{""sku"":""SKU-1"",""name"":""Product A"",""qty"":2,""unit_price"":4000.0,""total"":8000.0}]"
ORD-CLN-00070,2026-08-20T10:00:00,مؤكد,CUST-00070,العميل رقم 70,+967771000070,client_70@example.com,صنعاء,السبعين,سريع,2000.0,كاش,تم الدفع,8000.0,YER,10000.0,"[{""sku"":""SKU-1"",""name"":""Product A"",""qty"":2,""unit_price"":4000.0,""total"":8000.0}]"
ORD-CLN-00071,2026-08-20T10:00:00,مؤكد,CUST-00071,العميل رقم 71,+967771000071,client_71@example.com,صنعاء,السبعين,سريع,2000.0,كاش,تم الدفع,8000.0,YER,10000.0,"[{""sku"":""SKU-1"",""name"":""Product A"",""qty"":2,""unit_price"":4000.0,""total"":8000.0}]"
ORD-CLN-00072,2026-08-20T10:00:00,مؤكد,CUST-00072,العميل رقم 72,+967771000072,client_72@example.com,صنعاء,السبعين,سريع,2000.0,كاش,تم الدفع,8000.0,YER,10000.0,"[{""sku"":""SKU-1"",""name"":""Product A"",""qty"":2,""unit_price"":4000.0,""total"":8000.0}]"
ORD-CLN-00073,2026-08-20T10:00:00,مؤكد,CUST-00073,العميل رقم 73,+967771000073,client_73@example.com,صنعاء,السبعين,سريع,2000.0,كاش,تم الدفع,8000.0,YER,10000.0,"[{""sku"":""SKU-1"",""name"":""Product A"",""qty"":2,""unit_price"":4000.0,""total"":8000.0}]"
ORD-CLN-00074,2026-08-20T10:00:00,مؤكد,CUST-00074,العميل رقم 74,+967771000074,client_74@example.com,صنعاء,السبعين,سريع,2000.0,كاش,تم الدفع,8000.0,YER,10000.0,"[{""sku"":""SKU-1"",""name"":""Product A"",""qty"":2,""unit_price"":4000.0,""total"":8000.0}]"
ORD-CLN-00075,2026-08-20T10:00:00,مؤكد,CUST-00075,العميل رقم 75,+967771000075,client_75@example.com,صنعاء,السبعين,سريع,2000.0,كاش,تم الدفع,8000.0,YER,10000.0,"[{""sku"":""SKU-1"",""name"":""Product A"",""qty"":2,""unit_price"":4000.0,""total"":8000.0}]"
ORD-CLN-00076,2026-08-20T10:00:00,مؤكد,CUST-00076,العميل رقم 76,+967771000076,client_76@example.com,صنعاء,السبعين,سريع,2000.0,كاش,تم الدفع,8000.0,YER,10000.0,"[{""sku"":""SKU-1"",""name"":""Product A"",""qty"":2,""unit_price"":4000.0,""total"":8000.0}]"
ORD-CLN-00077,2026-08-20T10:00:00,مؤكد,CUST-00077,العميل رقم 77,+967771000077,client_77@example.com,صنعاء,السبعين,سريع,2000.0,كاش,تم الدفع,8000.0,YER,10000.0,"[{""sku"":""SKU-1"",""name"":""Product A"",""qty"":2,""unit_price"":4000.0,""total"":8000.0}]"
ORD-CLN-00078,2026-08-20T10:00:00,مؤكد,CUST-00078,العميل رقم 78,+967771000078,client_78@example.com,صنعاء,السبعين,سريع,2000.0,كاش,تم الدفع,8000.0,YER,10000.0,"[{""sku"":""SKU-1"",""name"":""Product A"",""qty"":2,""unit_price"":4000.0,""total"":8000.0}]"
ORD-CLN-00079,2026-08-20T10:00:00,مؤكد,CUST-00079,العميل رقم 79,+967771000079,client_79@example.com,صنعاء,السبعين,سريع,2000.0,كاش,تم الدفع,8000.0,YER,10000.0,"[{""sku"":""SKU-1"",""name"":""Product A"",""qty"":2,""unit_price"":4000.0,""total"":8000.0}]"
ORD-CLN-00080,2026-08-20T10:00:00,مؤكد,CUST-00080,العميل رقم 80,+967771000080,client_80@example.com,صنعاء,السبعين,سريع,2000.0,كاش,تم الدفع,8000.0,YER,10000.0,"[{""sku"":""SKU-1"",""name"":""Product A"",""qty"":2,""unit_price"":4000.0,""total"":8000.0}]"
ORD-CLN-00081,2026-08-20T10:00:00,مؤكد,CUST-00081,العميل رقم 81,+967771000081,client_81@example.com,صنعاء,السبعين,سريع,2000.0,كاش,تم الدفع,8000.0,YER,10000.0,"[{""sku"":""SKU-1"",""name"":""Product A"",""qty"":2,""unit_price"":4000.0,""total"":8000.0}]"
ORD-CLN-00082,2026-08-20T10:00:00,مؤكد,CUST-00082,العميل رقم 82,+967771000082,client_82@example.com,صنعاء,السبعين,سريع,2000.0,كاش,تم الدفع,8000.0,YER,10000.0,"[{""sku"":""SKU-1"",""name"":""Product A"",""qty"":2,""unit_price"":4000.0,""total"":8000.0}]"
ORD-CLN-00083,2026-08-20T10:00:00,مؤكد,CUST-00083,العميل رقم 83,+967771000083,client_83@example.com,صنعاء,السبعين,سريع,2000.0,كاش,تم الدفع,8000.0,YER,10000.0,"[{""sku"":""SKU-1"",""name"":""Product A"",""qty"":2,""unit_price"":4000.0,""total"":8000.0}]"
ORD-CLN-00084,2026-08-20T10:00:00,مؤكد,CUST-00084,العميل رقم 84,+967771000084,client_84@example.com,صنعاء,السبعين,سريع,2000.0,كاش,تم الدفع,8000.0,YER,10000.0,"[{""sku"":""SKU-1"",""name"":""Product A"",""qty"":2,""unit_price"":4000.0,""total"":8000.0}]"
ORD-CLN-00085,2026-08-20T10:00:00,مؤكد,CUST-00085,العميل رقم 85,+967771000085,client_85@example.com,صنعاء,السبعين,سريع,2000.0,كاش,تم الدفع,8000.0,YER,10000.0,"[{""sku"":""SKU-1"",""name"":""Product A"",""qty"":2,""unit_price"":4000.0,""total"":8000.0}]"
ORD-CLN-00086,2026-08-20T10:00:00,مؤكد,CUST-00086,العميل رقم 86,+967771000086,client_86@example.com,صنعاء,السبعين,سريع,2000.0,كاش,تم الدفع,8000.0,YER,10000.0,"[{""sku"":""SKU-1"",""name"":""Product A"",""qty"":2,""unit_price"":4000.0,""total"":8000.0}]"
ORD-CLN-00087,2026-08-20T10:00:00,مؤكد,CUST-00087,العميل رقم 87,+967771000087,client_87@example.com,صنعاء,السبعين,سريع,2000.0,كاش,تم الدفع,8000.0,YER,10000.0,"[{""sku"":""SKU-1"",""name"":""Product A"",""qty"":2,""unit_price"":4000.0,""total"":8000.0}]"
ORD-CLN-00088,2026-08-20T10:00:00,مؤكد,CUST-00088,العميل رقم 88,+967771000088,client_88@example.com,صنعاء,السبعين,سريع,2000.0,كاش,تم الدفع,8000.0,YER,10000.0,"[{""sku"":""SKU-1"",""name"":""Product A"",""qty"":2,""unit_price"":4000.0,""total"":8000.0}]"
ORD-CLN-00089,2026-08-20T10:00:00,مؤكد,CUST-00089,العميل رقم 89,+967771000089,client_89@example.com,صنعاء,السبعين,سريع,2000.0,كاش,تم الدفع,8000.0,YER,10000.0,"[{""sku"":""SKU-1"",""name"":""Product A"",""qty"":2,""unit_price"":4000.0,""total"":8000.0}]"
ORD-CLN-00090,2026-08-20T10:00:00,مؤكد,CUST-00090,العميل رقم 90,+967771000090,client_90@example.com,صنعاء,السبعين,سريع,2000.0,كاش,تم الدفع,8000.0,YER,10000.0,"[{""sku"":""SKU-1"",""name"":""Product A"",""qty"":2,""unit_price"":4000.0,""total"":8000.0}]"
ORD-CLN-00091,2026-08-20T10:00:00,مؤكد,CUST-00091,العميل رقم 91,+967771000091,client_91@example.com,صنعاء,السبعين,سريع,2000.0,كاش,تم الدفع,8000.0,YER,10000.0,"[{""sku"":""SKU-1"",""name"":""Product A"",""qty"":2,""unit_price"":4000.0,""total"":8000.0}]"
ORD-CLN-00092,2026-08-20T10:00:00,مؤكد,CUST-00092,العميل رقم 92,+967771000092,client_92@example.com,صنعاء,السبعين,سريع,2000.0,كاش,تم الدفع,8000.0,YER,10000.0,"[{""sku"":""SKU-1"",""name"":""Product A"",""qty"":2,""unit_price"":4000.0,""total"":8000.0}]"
ORD-CLN-00093,2026-08-20T10:00:00,مؤكد,CUST-00093,العميل رقم 93,+967771000093,client_93@example.com,صنعاء,السبعين,سريع,2000.0,كاش,تم الدفع,8000.0,YER,10000.0,"[{""sku"":""SKU-1"",""name"":""Product A"",""qty"":2,""unit_price"":4000.0,""total"":8000.0}]"
ORD-CLN-00094,2026-08-20T10:00:00,مؤكد,CUST-00094,العميل رقم 94,+967771000094,client_94@example.com,صنعاء,السبعين,سريع,2000.0,كاش,تم الدفع,8000.0,YER,10000.0,"[{""sku"":""SKU-1"",""name"":""Product A"",""qty"":2,""unit_price"":4000.0,""total"":8000.0}]"
ORD-CLN-00095,2026-08-20T10:00:00,مؤكد,CUST-00095,العميل رقم 95,+967771000095,client_95@example.com,صنعاء,السبعين,سريع,2000.0,كاش,تم الدفع,8000.0,YER,10000.0,"[{""sku"":""SKU-1"",""name"":""Product A"",""qty"":2,""unit_price"":4000.0,""total"":8000.0}]"
ORD-CLN-00096,2026-08-20T10:00:00,مؤكد,CUST-00096,العميل رقم 96,+967771000096,client_96@example.com,صنعاء,السبعين,سريع,2000.0,كاش,تم الدفع,8000.0,YER,10000.0,"[{""sku"":""SKU-1"",""name"":""Product A"",""qty"":2,""unit_price"":4000.0,""total"":8000.0}]"
ORD-CLN-00097,2026-08-20T10:00:00,مؤكد,CUST-00097,العميل رقم 97,+967771000097,client_97@example.com,صنعاء,السبعين,سريع,2000.0,كاش,تم الدفع,8000.0,YER,10000.0,"[{""sku"":""SKU-1"",""name"":""Product A"",""qty"":2,""unit_price"":4000.0,""total"":8000.0}]"
ORD-CLN-00098,2026-08-20T10:00:00,مؤكد,CUST-00098,العميل رقم 98,+967771000098,client_98@example.com,صنعاء,السبعين,سريع,2000.0,كاش,تم الدفع,8000.0,YER,10000.0,"[{""sku"":""SKU-1"",""name"":""Product A"",""qty"":2,""unit_price"":4000.0,""total"":8000.0}]"
ORD-CLN-00099,2026-08-20T10:00:00,مؤكد,CUST-00099,العميل رقم 99,+967771000099,client_99@example.com,صنعاء,السبعين,سريع,2000.0,كاش,تم الدفع,8000.0,YER,10000.0,"[{""sku"":""SKU-1"",""name"":""Product A"",""qty"":2,""unit_price"":4000.0,""total"":8000.0}]"
ORD-CLN-00100,2026-08-20T10:00:00,مؤكد,CUST-00100,العميل رقم 100,+967771000100,client_100@example.com,صنعاء,السبعين,سريع,2000.0,كاش,تم الدفع,8000.0,YER,10000.0,"[{""sku"":""SKU-1"",""name"":""Product A"",""qty"":2,""unit_price"":4000.0,""total"":8000.0}]"
ORD-CLN-00101,2026-08-20T10:00:00,مؤكد,CUST-00101,العميل رقم 101,+967771000101,client_101@example.com,صنعاء,السبعين,سريع,2000.0,كاش,تم الدفع,8000.0,YER,10000.0,"[{""sku"":""SKU-1"",""name"":""Product A"",""qty"":2,""unit_price"":4000.0,""total"":8000.0}]"
ORD-CLN-00102,2026-08-20T10:00:00,مؤكد,CUST-00102,العميل رقم 102,+967771000102,client_102@example.com,صنعاء,السبعين,سريع,2000.0,كاش,تم الدفع,8000.0,YER,10000.0,"[{""sku"":""SKU-1"",""name"":""Product A"",""qty"":2,""unit_price"":4000.0,""total"":8000.0}]"
ORD-CLN-00103,2026-08-20T10:00:00,مؤكد,CUST-00103,العميل رقم 103,+967771000103,client_103@example.com,صنعاء,السبعين,سريع,2000.0,كاش,تم الدفع,8000.0,YER,10000.0,"[{""sku"":""SKU-1"",""name"":""Product A"",""qty"":2,""unit_price"":4000.0,""total"":8000.0}]"
ORD-CLN-00104,2026-08-20T10:00:00,مؤكد,CUST-00104,العميل رقم 104,+967771000104,client_104@example.com,صنعاء,السبعين,سريع,2000.0,كاش,تم الدفع,8000.0,YER,10000.0,"[{""sku"":""SKU-1"",""name"":""Product A"",""qty"":2,""unit_price"":4000.0,""total"":8000.0}]"
ORD-CLN-00105,2026-08-20T10:00:00,مؤكد,CUST-00105,العميل رقم 105,+967771000105,client_105@example.com,صنعاء,السبعين,سريع,2000.0,كاش,تم الدفع,8000.0,YER,10000.0,"[{""sku"":""SKU-1"",""name"":""Product A"",""qty"":2,""unit_price"":4000.0,""total"":8000.0}]"
ORD-CLN-00106,2026-08-20T10:00:00,مؤكد,CUST-00106,العميل رقم 106,+967771000106,client_106@example.com,صنعاء,السبعين,سريع,2000.0,كاش,تم الدفع,8000.0,YER,10000.0,"[{""sku"":""SKU-1"",""name"":""Product A"",""qty"":2,""unit_price"":4000.0,""total"":8000.0}]"
ORD-CLN-00107,2026-08-20T10:00:00,مؤكد,CUST-00107,العميل رقم 107,+967771000107,client_107@example.com,صنعاء,السبعين,سريع,2000.0,كاش,تم الدفع,8000.0,YER,10000.0,"[{""sku"":""SKU-1"",""name"":""Product A"",""qty"":2,""unit_price"":4000.0,""total"":8000.0}]"
ORD-CLN-00108,2026-08-20T10:00:00,مؤكد,CUST-00108,العميل رقم 108,+967771000108,client_108@example.com,صنعاء,السبعين,سريع,2000.0,كاش,تم الدفع,8000.0,YER,10000.0,"[{""sku"":""SKU-1"",""name"":""Product A"",""qty"":2,""unit_price"":4000.0,""total"":8000.0}]"
ORD-CLN-00109,2026-08-20T10:00:00,مؤكد,CUST-00109,العميل رقم 109,+967771000109,client_109@example.com,صنعاء,السبعين,سريع,2000.0,كاش,تم الدفع,8000.0,YER,10000.0,"[{""sku"":""SKU-1"",""name"":""Product A"",""qty"":2,""unit_price"":4000.0,""total"":8000.0}]"
ORD-CLN-00110,2026-08-20T10:00:00,مؤكد,CUST-00110,العميل رقم 110,+967771000110,client_110@example.com,صنعاء,السبعين,سريع,2000.0,كاش,تم الدفع,8000.0,YER,10000.0,"[{""sku"":""SKU-1"",""name"":""Product A"",""qty"":2,""unit_price"":4000.0,""total"":8000.0}]"
ORD-CLN-00111,2026-08-20T10:00:00,مؤكد,CUST-00111,العميل رقم 111,+967771000111,client_111@example.com,صنعاء,السبعين,سريع,2000.0,كاش,تم الدفع,8000.0,YER,10000.0,"[{""sku"":""SKU-1"",""name"":""Product A"",""qty"":2,""unit_price"":4000.0,""total"":8000.0}]"
ORD-CLN-00112,2026-08-20T10:00:00,مؤكد,CUST-00112,العميل رقم 112,+967771000112,client_112@example.com,صنعاء,السبعين,سريع,2000.0,كاش,تم الدفع,8000.0,YER,10000.0,"[{""sku"":""SKU-1"",""name"":""Product A"",""qty"":2,""unit_price"":4000.0,""total"":8000.0}]"
ORD-CLN-00113,2026-08-20T10:00:00,مؤكد,CUST-00113,العميل رقم 113,+967771000113,client_113@example.com,صنعاء,السبعين,سريع,2000.0,كاش,تم الدفع,8000.0,YER,10000.0,"[{""sku"":""SKU-1"",""name"":""Product A"",""qty"":2,""unit_price"":4000.0,""total"":8000.0}]"
ORD-CLN-00114,2026-08-20T10:00:00,مؤكد,CUST-00114,العميل رقم 114,+967771000114,client_114@example.com,صنعاء,السبعين,سريع,2000.0,كاش,تم الدفع,8000.0,YER,10000.0,"[{""sku"":""SKU-1"",""name"":""Product A"",""qty"":2,""unit_price"":4000.0,""total"":8000.0}]"
ORD-CLN-00115,2026-08-20T10:00:00,مؤكد,CUST-00115,العميل رقم 115,+967771000115,client_115@example.com,صنعاء,السبعين,سريع,2000.0,كاش,تم الدفع,8000.0,YER,10000.0,"[{""sku"":""SKU-1"",""name"":""Product A"",""qty"":2,""unit_price"":4000.0,""total"":8000.0}]"
ORD-CLN-00116,2026-08-20T10:00:00,مؤكد,CUST-00116,العميل رقم 116,+967771000116,client_116@example.com,صنعاء,السبعين,سريع,2000.0,كاش,تم الدفع,8000.0,YER,10000.0,"[{""sku"":""SKU-1"",""name"":""Product A"",""qty"":2,""unit_price"":4000.0,""total"":8000.0}]"
ORD-CLN-00117,2026-08-20T10:00:00,مؤكد,CUST-00117,العميل رقم 117,+967771000117,client_117@example.com,صنعاء,السبعين,سريع,2000.0,كاش,تم الدفع,8000.0,YER,10000.0,"[{""sku"":""SKU-1"",""name"":""Product A"",""qty"":2,""unit_price"":4000.0,""total"":8000.0}]"
ORD-CLN-00118,2026-08-20T10:00:00,مؤكد,CUST-00118,العميل رقم 118,+967771000118,client_118@example.com,صنعاء,السبعين,سريع,2000.0,كاش,تم الدفع,8000.0,YER,10000.0,"[{""sku"":""SKU-1"",""name"":""Product A"",""qty"":2,""unit_price"":4000.0,""total"":8000.0}]"
ORD-CLN-00119,2026-08-20T10:00:00,مؤكد,CUST-00119,العميل رقم 119,+967771000119,client_119@example.com,صنعاء,السبعين,سريع,2000.0,كاش,تم الدفع,8000.0,YER,10000.0,"[{""sku"":""SKU-1"",""name"":""Product A"",""qty"":2,""unit_price"":4000.0,""total"":8000.0}]"
ORD-CLN-00120,2026-08-20T10:00:00,مؤكد,CUST-00120,العميل رقم 120,+967771000120,client_120@example.com,صنعاء,السبعين,سريع,2000.0,كاش,تم الدفع,8000.0,YER,10000.0,"[{""sku"":""SKU-1"",""name"":""Product A"",""qty"":2,""unit_price"":4000.0,""total"":8000.0}]"
ORD-CLN-00121,2026-08-20T10:00:00,مؤكد,CUST-00121,العميل رقم 121,+967771000121,client_121@example.com,صنعاء,السبعين,سريع,2000.0,كاش,تم الدفع,8000.0,YER,10000.0,"[{""sku"":""SKU-1"",""name"":""Product A"",""qty"":2,""unit_price"":4000.0,""total"":8000.0}]"
ORD-CLN-00122,2026-08-20T10:00:00,مؤكد,CUST-00122,العميل رقم 122,+967771000122,client_122@example.com,صنعاء,السبعين,سريع,2000.0,كاش,تم الدفع,8000.0,YER,10000.0,"[{""sku"":""SKU-1"",""name"":""Product A"",""qty"":2,""unit_price"":4000.0,""total"":8000.0}]"
ORD-CLN-00123,2026-08-20T10:00:00,مؤكد,CUST-00123,العميل رقم 123,+967771000123,client_123@example.com,صنعاء,السبعين,سريع,2000.0,كاش,تم الدفع,8000.0,YER,10000.0,"[{""sku"":""SKU-1"",""name"":""Product A"",""qty"":2,""unit_price"":4000.0,""total"":8000.0}]"
ORD-CLN-00124,2026-08-20T10:00:00,مؤكد,CUST-00124,العميل رقم 124,+967771000124,client_124@example.com,صنعاء,السبعين,سريع,2000.0,كاش,تم الدفع,8000.0,YER,10000.0,"[{""sku"":""SKU-1"",""name"":""Product A"",""qty"":2,""unit_price"":4000.0,""total"":8000.0}]"
ORD-CLN-00125,2026-08-20T10:00:00,مؤكد,CUST-00125,العميل رقم 125,+967771000125,client_125@example.com,صنعاء,السبعين,سريع,2000.0,كاش,تم الدفع,8000.0,YER,10000.0,"[{""sku"":""SKU-1"",""name"":""Product A"",""qty"":2,""unit_price"":4000.0,""total"":8000.0}]"
ORD-CLN-00126,2026-08-20T10:00:00,مؤكد,CUST-00126,العميل رقم 126,+967771000126,client_126@example.com,صنعاء,السبعين,سريع,2000.0,كاش,تم الدفع,8000.0,YER,10000.0,"[{""sku"":""SKU-1"",""name"":""Product A"",""qty"":2,""unit_price"":4000.0,""total"":8000.0}]"
ORD-CLN-00127,2026-08-20T10:00:00,مؤكد,CUST-00127,العميل رقم 127,+967771000127,client_127@example.com,صنعاء,السبعين,سريع,2000.0,كاش,تم الدفع,8000.0,YER,10000.0,"[{""sku"":""SKU-1"",""name"":""Product A"",""qty"":2,""unit_price"":4000.0,""total"":8000.0}]"
ORD-CLN-00128,2026-08-20T10:00:00,مؤكد,CUST-00128,العميل رقم 128,+967771000128,client_128@example.com,صنعاء,السبعين,سريع,2000.0,كاش,تم الدفع,8000.0,YER,10000.0,"[{""sku"":""SKU-1"",""name"":""Product A"",""qty"":2,""unit_price"":4000.0,""total"":8000.0}]"
ORD-CLN-00129,2026-08-20T10:00:00,مؤكد,CUST-00129,العميل رقم 129,+967771000129,client_129@example.com,صنعاء,السبعين,سريع,2000.0,كاش,تم الدفع,8000.0,YER,10000.0,"[{""sku"":""SKU-1"",""name"":""Product A"",""qty"":2,""unit_price"":4000.0,""total"":8000.0}]"
ORD-CLN-00130,2026-08-20T10:00:00,مؤكد,CUST-00130,العميل رقم 130,+967771000130,client_130@example.com,صنعاء,السبعين,سريع,2000.0,كاش,تم الدفع,8000.0,YER,10000.0,"[{""sku"":""SKU-1"",""name"":""Product A"",""qty"":2,""unit_price"":4000.0,""total"":8000.0}]"
ORD-CLN-00131,2026-08-20T10:00:00,مؤكد,CUST-00131,العميل رقم 131,+967771000131,client_131@example.com,صنعاء,السبعين,سريع,2000.0,كاش,تم الدفع,8000.0,YER,10000.0,"[{""sku"":""SKU-1"",""name"":""Product A"",""qty"":2,""unit_price"":4000.0,""total"":8000.0}]"
ORD-CLN-00132,2026-08-20T10:00:00,مؤكد,CUST-00132,العميل رقم 132,+967771000132,client_132@example.com,صنعاء,السبعين,سريع,2000.0,كاش,تم الدفع,8000.0,YER,10000.0,"[{""sku"":""SKU-1"",""name"":""Product A"",""qty"":2,""unit_price"":4000.0,""total"":8000.0}]"
ORD-CLN-00133,2026-08-20T10:00:00,مؤكد,CUST-00133,العميل رقم 133,+967771000133,client_133@example.com,صنعاء,السبعين,سريع,2000.0,كاش,تم الدفع,8000.0,YER,10000.0,"[{""sku"":""SKU-1"",""name"":""Product A"",""qty"":2,""unit_price"":4000.0,""total"":8000.0}]"
ORD-CLN-00134,2026-08-20T10:00:00,مؤكد,CUST-00134,العميل رقم 134,+967771000134,client_134@example.com,صنعاء,السبعين,سريع,2000.0,كاش,تم الدفع,8000.0,YER,10000.0,"[{""sku"":""SKU-1"",""name"":""Product A"",""qty"":2,""unit_price"":4000.0,""total"":8000.0}]"
ORD-CLN-00135,2026-08-20T10:00:00,مؤكد,CUST-00135,العميل رقم 135,+967771000135,client_135@example.com,صنعاء,السبعين,سريع,2000.0,كاش,تم الدفع,8000.0,YER,10000.0,"[{""sku"":""SKU-1"",""name"":""Product A"",""qty"":2,""unit_price"":4000.0,""total"":8000.0}]"
ORD-CLN-00136,2026-08-20T10:00:00,مؤكد,CUST-00136,العميل رقم 136,+967771000136,client_136@example.com,صنعاء,السبعين,سريع,2000.0,كاش,تم الدفع,8000.0,YER,10000.0,"[{""sku"":""SKU-1"",""name"":""Product A"",""qty"":2,""unit_price"":4000.0,""total"":8000.0}]"
ORD-CLN-00137,2026-08-20T10:00:00,مؤكد,CUST-00137,العميل رقم 137,+967771000137,client_137@example.com,صنعاء,السبعين,سريع,2000.0,كاش,تم الدفع,8000.0,YER,10000.0,"[{""sku"":""SKU-1"",""name"":""Product A"",""qty"":2,""unit_price"":4000.0,""total"":8000.0}]"
ORD-CLN-00138,2026-08-20T10:00:00,مؤكد,CUST-00138,العميل رقم 138,+967771000138,client_138@example.com,صنعاء,السبعين,سريع,2000.0,كاش,تم الدفع,8000.0,YER,10000.0,"[{""sku"":""SKU-1"",""name"":""Product A"",""qty"":2,""unit_price"":4000.0,""total"":8000.0}]"
ORD-CLN-00139,2026-08-20T10:00:00,مؤكد,CUST-00139,العميل رقم 139,+967771000139,client_139@example.com,صنعاء,السبعين,سريع,2000.0,كاش,تم الدفع,8000.0,YER,10000.0,"[{""sku"":""SKU-1"",""name"":""Product A"",""qty"":2,""unit_price"":4000.0,""total"":8000.0}]"
ORD-CLN-00140,2026-08-20T10:00:00,مؤكد,CUST-00140,العميل رقم 140,+967771000140,client_140@example.com,صنعاء,السبعين,سريع,2000.0,كاش,تم الدفع,8000.0,YER,10000.0,"[{""sku"":""SKU-1"",""name"":""Product A"",""qty"":2,""unit_price"":4000.0,""total"":8000.0}]"
ORD-CLN-00141,2026-08-20T10:00:00,مؤكد,CUST-00141,العميل رقم 141,+967771000141,client_141@example.com,صنعاء,السبعين,سريع,2000.0,كاش,تم الدفع,8000.0,YER,10000.0,"[{""sku"":""SKU-1"",""name"":""Product A"",""qty"":2,""unit_price"":4000.0,""total"":8000.0}]"
ORD-CLN-00142,2026-08-20T10:00:00,مؤكد,CUST-00142,العميل رقم 142,+967771000142,client_142@example.com,صنعاء,السبعين,سريع,2000.0,كاش,تم الدفع,8000.0,YER,10000.0,"[{""sku"":""SKU-1"",""name"":""Product A"",""qty"":2,""unit_price"":4000.0,""total"":8000.0}]"
ORD-CLN-00143,2026-08-20T10:00:00,مؤكد,CUST-00143,العميل رقم 143,+967771000143,client_143@example.com,صنعاء,السبعين,سريع,2000.0,كاش,تم الدفع,8000.0,YER,10000.0,"[{""sku"":""SKU-1"",""name"":""Product A"",""qty"":2,""unit_price"":4000.0,""total"":8000.0}]"
ORD-CLN-00144,2026-08-20T10:00:00,مؤكد,CUST-00144,العميل رقم 144,+967771000144,client_144@example.com,صنعاء,السبعين,سريع,2000.0,كاش,تم الدفع,8000.0,YER,10000.0,"[{""sku"":""SKU-1"",""name"":""Product A"",""qty"":2,""unit_price"":4000.0,""total"":8000.0}]"
ORD-CLN-00145,2026-08-20T10:00:00,مؤكد,CUST-00145,العميل رقم 145,+967771000145,client_145@example.com,صنعاء,السبعين,سريع,2000.0,كاش,تم الدفع,8000.0,YER,10000.0,"[{""sku"":""SKU-1"",""name"":""Product A"",""qty"":2,""unit_price"":4000.0,""total"":8000.0}]"
ORD-CLN-00146,2026-08-20T10:00:00,مؤكد,CUST-00146,العميل رقم 146,+967771000146,client_146@example.com,صنعاء,السبعين,سريع,2000.0,كاش,تم الدفع,8000.0,YER,10000.0,"[{""sku"":""SKU-1"",""name"":""Product A"",""qty"":2,""unit_price"":4000.0,""total"":8000.0}]"
ORD-CLN-00147,2026-08-20T10:00:00,مؤكد,CUST-00147,العميل رقم 147,+967771000147,client_147@example.com,صنعاء,السبعين,سريع,2000.0,كاش,تم الدفع,8000.0,YER,10000.0,"[{""sku"":""SKU-1"",""name"":""Product A"",""qty"":2,""unit_price"":4000.0,""total"":8000.0}]"
ORD-CLN-00148,2026-08-20T10:00:00,مؤكد,CUST-00148,العميل رقم 148,+967771000148,client_148@example.com,صنعاء,السبعين,سريع,2000.0,كاش,تم الدفع,8000.0,YER,10000.0,"[{""sku"":""SKU-1"",""name"":""Product A"",""qty"":2,""unit_price"":4000.0,""total"":8000.0}]"
ORD-CLN-00149,2026-08-20T10:00:00,مؤكد,CUST-00149,العميل رقم 149,+967771000149,client_149@example.com,صنعاء,السبعين,سريع,2000.0,كاش,تم الدفع,8000.0,YER,10000.0,"[{""sku"":""SKU-1"",""name"":""Product A"",""qty"":2,""unit_price"":4000.0,""total"":8000.0}]"
ORD-CLN-00150,2026-08-20T10:00:00,مؤكد,CUST-00150,العميل رقم 150,+967771000150,client_150@example.com,صنعاء,السبعين,سريع,2000.0,كاش,تم الدفع,8000.0,YER,10000.0,"[{""sku"":""SKU-1"",""name"":""Product A"",""qty"":2,""unit_price"":4000.0,""total"":8000.0}]"
ORD-CLN-00151,2026-08-20T10:00:00,مؤكد,CUST-00151,العميل رقم 151,+967771000151,client_151@example.com,صنعاء,السبعين,سريع,2000.0,كاش,تم الدفع,8000.0,YER,10000.0,"[{""sku"":""SKU-1"",""name"":""Product A"",""qty"":2,""unit_price"":4000.0,""total"":8000.0}]"
ORD-CLN-00152,2026-08-20T10:00:00,مؤكد,CUST-00152,العميل رقم 152,+967771000152,client_152@example.com,صنعاء,السبعين,سريع,2000.0,كاش,تم الدفع,8000.0,YER,10000.0,"[{""sku"":""SKU-1"",""name"":""Product A"",""qty"":2,""unit_price"":4000.0,""total"":8000.0}]"
ORD-CLN-00153,2026-08-20T10:00:00,مؤكد,CUST-00153,العميل رقم 153,+967771000153,client_153@example.com,صنعاء,السبعين,سريع,2000.0,كاش,تم الدفع,8000.0,YER,10000.0,"[{""sku"":""SKU-1"",""name"":""Product A"",""qty"":2,""unit_price"":4000.0,""total"":8000.0}]"
ORD-CLN-00154,2026-08-20T10:00:00,مؤكد,CUST-00154,العميل رقم 154,+967771000154,client_154@example.com,صنعاء,السبعين,سريع,2000.0,كاش,تم الدفع,8000.0,YER,10000.0,"[{""sku"":""SKU-1"",""name"":""Product A"",""qty"":2,""unit_price"":4000.0,""total"":8000.0}]"
ORD-CLN-00155,2026-08-20T10:00:00,مؤكد,CUST-00155,العميل رقم 155,+967771000155,client_155@example.com,صنعاء,السبعين,سريع,2000.0,كاش,تم الدفع,8000.0,YER,10000.0,"[{""sku"":""SKU-1"",""name"":""Product A"",""qty"":2,""unit_price"":4000.0,""total"":8000.0}]"
ORD-CLN-00156,2026-08-20T10:00:00,مؤكد,CUST-00156,العميل رقم 156,+967771000156,client_156@example.com,صنعاء,السبعين,سريع,2000.0,كاش,تم الدفع,8000.0,YER,10000.0,"[{""sku"":""SKU-1"",""name"":""Product A"",""qty"":2,""unit_price"":4000.0,""total"":8000.0}]"
ORD-CLN-00157,2026-08-20T10:00:00,مؤكد,CUST-00157,العميل رقم 157,+967771000157,client_157@example.com,صنعاء,السبعين,سريع,2000.0,كاش,تم الدفع,8000.0,YER,10000.0,"[{""sku"":""SKU-1"",""name"":""Product A"",""qty"":2,""unit_price"":4000.0,""total"":8000.0}]"
ORD-CLN-00158,2026-08-20T10:00:00,مؤكد,CUST-00158,العميل رقم 158,+967771000158,client_158@example.com,صنعاء,السبعين,سريع,2000.0,كاش,تم الدفع,8000.0,YER,10000.0,"[{""sku"":""SKU-1"",""name"":""Product A"",""qty"":2,""unit_price"":4000.0,""total"":8000.0}]"
ORD-CLN-00159,2026-08-20T10:00:00,مؤكد,CUST-00159,العميل رقم 159,+967771000159,client_159@example.com,صنعاء,السبعين,سريع,2000.0,كاش,تم الدفع,8000.0,YER,10000.0,"[{""sku"":""SKU-1"",""name"":""Product A"",""qty"":2,""unit_price"":4000.0,""total"":8000.0}]"
ORD-CLN-00160,2026-08-20T10:00:00,مؤكد,CUST-00160,العميل رقم 160,+967771000160,client_160@example.com,صنعاء,السبعين,سريع,2000.0,كاش,تم الدفع,8000.0,YER,10000.0,"[{""sku"":""SKU-1"",""name"":""Product A"",""qty"":2,""unit_price"":4000.0,""total"":8000.0}]"
ORD-CLN-00161,2026-08-20T10:00:00,مؤكد,CUST-00161,العميل رقم 161,+967771000161,client_161@example.com,صنعاء,السبعين,سريع,2000.0,كاش,تم الدفع,8000.0,YER,10000.0,"[{""sku"":""SKU-1"",""name"":""Product A"",""qty"":2,""unit_price"":4000.0,""total"":8000.0}]"
ORD-CLN-00162,2026-08-20T10:00:00,مؤكد,CUST-00162,العميل رقم 162,+967771000162,client_162@example.com,صنعاء,السبعين,سريع,2000.0,كاش,تم الدفع,8000.0,YER,10000.0,"[{""sku"":""SKU-1"",""name"":""Product A"",""qty"":2,""unit_price"":4000.0,""total"":8000.0}]"
ORD-CLN-00163,2026-08-20T10:00:00,مؤكد,CUST-00163,العميل رقم 163,+967771000163,client_163@example.com,صنعاء,السبعين,سريع,2000.0,كاش,تم الدفع,8000.0,YER,10000.0,"[{""sku"":""SKU-1"",""name"":""Product A"",""qty"":2,""unit_price"":4000.0,""total"":8000.0}]"
ORD-CLN-00164,2026-08-20T10:00:00,مؤكد,CUST-00164,العميل رقم 164,+967771000164,client_164@example.com,صنعاء,السبعين,سريع,2000.0,كاش,تم الدفع,8000.0,YER,10000.0,"[{""sku"":""SKU-1"",""name"":""Product A"",""qty"":2,""unit_price"":4000.0,""total"":8000.0}]"
ORD-CLN-00165,2026-08-20T10:00:00,مؤكد,CUST-00165,العميل رقم 165,+967771000165,client_165@example.com,صنعاء,السبعين,سريع,2000.0,كاش,تم الدفع,8000.0,YER,10000.0,"[{""sku"":""SKU-1"",""name"":""Product A"",""qty"":2,""unit_price"":4000.0,""total"":8000.0}]"
ORD-CLN-00166,2026-08-20T10:00:00,مؤكد,CUST-00166,العميل رقم 166,+967771000166,client_166@example.com,صنعاء,السبعين,سريع,2000.0,كاش,تم الدفع,8000.0,YER,10000.0,"[{""sku"":""SKU-1"",""name"":""Product A"",""qty"":2,""unit_price"":4000.0,""total"":8000.0}]"
ORD-CLN-00167,2026-08-20T10:00:00,مؤكد,CUST-00167,العميل رقم 167,+967771000167,client_167@example.com,صنعاء,السبعين,سريع,2000.0,كاش,تم الدفع,8000.0,YER,10000.0,"[{""sku"":""SKU-1"",""name"":""Product A"",""qty"":2,""unit_price"":4000.0,""total"":8000.0}]"
ORD-CLN-00168,2026-08-20T10:00:00,مؤكد,CUST-00168,العميل رقم 168,+967771000168,client_168@example.com,صنعاء,السبعين,سريع,2000.0,كاش,تم الدفع,8000.0,YER,10000.0,"[{""sku"":""SKU-1"",""name"":""Product A"",""qty"":2,""unit_price"":4000.0,""total"":8000.0}]"
ORD-CLN-00169,2026-08-20T10:00:00,مؤكد,CUST-00169,العميل رقم 169,+967771000169,client_169@example.com,صنعاء,السبعين,سريع,2000.0,كاش,تم الدفع,8000.0,YER,10000.0,"[{""sku"":""SKU-1"",""name"":""Product A"",""qty"":2,""unit_price"":4000.0,""total"":8000.0}]"
ORD-CLN-00170,2026-08-20T10:00:00,مؤكد,CUST-00170,العميل رقم 170,+967771000170,client_170@example.com,صنعاء,السبعين,سريع,2000.0,كاش,تم الدفع,8000.0,YER,10000.0,"[{""sku"":""SKU-1"",""name"":""Product A"",""qty"":2,""unit_price"":4000.0,""total"":8000.0}]"
ORD-CLN-00171,2026-08-20T10:00:00,مؤكد,CUST-00171,العميل رقم 171,+967771000171,client_171@example.com,صنعاء,السبعين,سريع,2000.0,كاش,تم الدفع,8000.0,YER,10000.0,"[{""sku"":""SKU-1"",""name"":""Product A"",""qty"":2,""unit_price"":4000.0,""total"":8000.0}]"
ORD-CLN-00172,2026-08-20T10:00:00,مؤكد,CUST-00172,العميل رقم 172,+967771000172,client_172@example.com,صنعاء,السبعين,سريع,2000.0,كاش,تم الدفع,8000.0,YER,10000.0,"[{""sku"":""SKU-1"",""name"":""Product A"",""qty"":2,""unit_price"":4000.0,""total"":8000.0}]"
ORD-CLN-00173,2026-08-20T10:00:00,مؤكد,CUST-00173,العميل رقم 173,+967771000173,client_173@example.com,صنعاء,السبعين,سريع,2000.0,كاش,تم الدفع,8000.0,YER,10000.0,"[{""sku"":""SKU-1"",""name"":""Product A"",""qty"":2,""unit_price"":4000.0,""total"":8000.0}]"
ORD-CLN-00174,2026-08-20T10:00:00,مؤكد,CUST-00174,العميل رقم 174,+967771000174,client_174@example.com,صنعاء,السبعين,سريع,2000.0,كاش,تم الدفع,8000.0,YER,10000.0,"[{""sku"":""SKU-1"",""name"":""Product A"",""qty"":2,""unit_price"":4000.0,""total"":8000.0}]"
ORD-CLN-00175,2026-08-20T10:00:00,مؤكد,CUST-00175,العميل رقم 175,+967771000175,client_175@example.com,صنعاء,السبعين,سريع,2000.0,كاش,تم الدفع,8000.0,YER,10000.0,"[{""sku"":""SKU-1"",""name"":""Product A"",""qty"":2,""unit_price"":4000.0,""total"":8000.0}]"
ORD-CLN-00176,2026-08-20T10:00:00,مؤكد,CUST-00176,العميل رقم 176,+967771000176,client_176@example.com,صنعاء,السبعين,سريع,2000.0,كاش,تم الدفع,8000.0,YER,10000.0,"[{""sku"":""SKU-1"",""name"":""Product A"",""qty"":2,""unit_price"":4000.0,""total"":8000.0}]"
ORD-CLN-00177,2026-08-20T10:00:00,مؤكد,CUST-00177,العميل رقم 177,+967771000177,client_177@example.com,صنعاء,السبعين,سريع,2000.0,كاش,تم الدفع,8000.0,YER,10000.0,"[{""sku"":""SKU-1"",""name"":""Product A"",""qty"":2,""unit_price"":4000.0,""total"":8000.0}]"
ORD-CLN-00178,2026-08-20T10:00:00,مؤكد,CUST-00178,العميل رقم 178,+967771000178,client_178@example.com,صنعاء,السبعين,سريع,2000.0,كاش,تم الدفع,8000.0,YER,10000.0,"[{""sku"":""SKU-1"",""name"":""Product A"",""qty"":2,""unit_price"":4000.0,""total"":8000.0}]"
ORD-CLN-00179,2026-08-20T10:00:00,مؤكد,CUST-00179,العميل رقم 179,+967771000179,client_179@example.com,صنعاء,السبعين,سريع,2000.0,كاش,تم الدفع,8000.0,YER,10000.0,"[{""sku"":""SKU-1"",""name"":""Product A"",""qty"":2,""unit_price"":4000.0,""total"":8000.0}]"
ORD-CLN-00180,2026-08-20T10:00:00,مؤكد,CUST-00180,العميل رقم 180,+967771000180,client_180@example.com,صنعاء,السبعين,سريع,2000.0,كاش,تم الدفع,8000.0,YER,10000.0,"[{""sku"":""SKU-1"",""name"":""Product A"",""qty"":2,""unit_price"":4000.0,""total"":8000.0}]"
ORD-CLN-00181,2026-08-20T10:00:00,مؤكد,CUST-00181,العميل رقم 181,+967771000181,client_181@example.com,صنعاء,السبعين,سريع,2000.0,كاش,تم الدفع,8000.0,YER,10000.0,"[{""sku"":""SKU-1"",""name"":""Product A"",""qty"":2,""unit_price"":4000.0,""total"":8000.0}]"
ORD-CLN-00182,2026-08-20T10:00:00,مؤكد,CUST-00182,العميل رقم 182,+967771000182,client_182@example.com,صنعاء,السبعين,سريع,2000.0,كاش,تم الدفع,8000.0,YER,10000.0,"[{""sku"":""SKU-1"",""name"":""Product A"",""qty"":2,""unit_price"":4000.0,""total"":8000.0}]"
ORD-CLN-00183,2026-08-20T10:00:00,مؤكد,CUST-00183,العميل رقم 183,+967771000183,client_183@example.com,صنعاء,السبعين,سريع,2000.0,كاش,تم الدفع,8000.0,YER,10000.0,"[{""sku"":""SKU-1"",""name"":""Product A"",""qty"":2,""unit_price"":4000.0,""total"":8000.0}]"
ORD-CLN-00184,2026-08-20T10:00:00,مؤكد,CUST-00184,العميل رقم 184,+967771000184,client_184@example.com,صنعاء,السبعين,سريع,2000.0,كاش,تم الدفع,8000.0,YER,10000.0,"[{""sku"":""SKU-1"",""name"":""Product A"",""qty"":2,""unit_price"":4000.0,""total"":8000.0}]"
ORD-CLN-00185,2026-08-20T10:00:00,مؤكد,CUST-00185,العميل رقم 185,+967771000185,client_185@example.com,صنعاء,السبعين,سريع,2000.0,كاش,تم الدفع,8000.0,YER,10000.0,"[{""sku"":""SKU-1"",""name"":""Product A"",""qty"":2,""unit_price"":4000.0,""total"":8000.0}]"
ORD-CLN-00186,2026-08-20T10:00:00,مؤكد,CUST-00186,العميل رقم 186,+967771000186,client_186@example.com,صنعاء,السبعين,سريع,2000.0,كاش,تم الدفع,8000.0,YER,10000.0,"[{""sku"":""SKU-1"",""name"":""Product A"",""qty"":2,""unit_price"":4000.0,""total"":8000.0}]"
ORD-CLN-00187,2026-08-20T10:00:00,مؤكد,CUST-00187,العميل رقم 187,+967771000187,client_187@example.com,صنعاء,السبعين,سريع,2000.0,كاش,تم الدفع,8000.0,YER,10000.0,"[{""sku"":""SKU-1"",""name"":""Product A"",""qty"":2,""unit_price"":4000.0,""total"":8000.0}]"
ORD-CLN-00188,2026-08-20T10:00:00,مؤكد,CUST-00188,العميل رقم 188,+967771000188,client_188@example.com,صنعاء,السبعين,سريع,2000.0,كاش,تم الدفع,8000.0,YER,10000.0,"[{""sku"":""SKU-1"",""name"":""Product A"",""qty"":2,""unit_price"":4000.0,""total"":8000.0}]"
ORD-CLN-00189,2026-08-20T10:00:00,مؤكد,CUST-00189,العميل رقم 189,+967771000189,client_189@example.com,صنعاء,السبعين,سريع,2000.0,كاش,تم الدفع,8000.0,YER,10000.0,"[{""sku"":""SKU-1"",""name"":""Product A"",""qty"":2,""unit_price"":4000.0,""total"":8000.0}]"
ORD-CLN-00190,2026-08-20T10:00:00,مؤكد,CUST-00190,العميل رقم 190,+967771000190,client_190@example.com,صنعاء,السبعين,سريع,2000.0,كاش,تم الدفع,8000.0,YER,10000.0,"[{""sku"":""SKU-1"",""name"":""Product A"",""qty"":2,""unit_price"":4000.0,""total"":8000.0}]"
ORD-CLN-00191,2026-08-20T10:00:00,مؤكد,CUST-00191,العميل رقم 191,+967771000191,client_191@example.com,صنعاء,السبعين,سريع,2000.0,كاش,تم الدفع,8000.0,YER,10000.0,"[{""sku"":""SKU-1"",""name"":""Product A"",""qty"":2,""unit_price"":4000.0,""total"":8000.0}]"
ORD-CLN-00192,2026-08-20T10:00:00,مؤكد,CUST-00192,العميل رقم 192,+967771000192,client_192@example.com,صنعاء,السبعين,سريع,2000.0,كاش,تم الدفع,8000.0,YER,10000.0,"[{""sku"":""SKU-1"",""name"":""Product A"",""qty"":2,""unit_price"":4000.0,""total"":8000.0}]"
ORD-CLN-00193,2026-08-20T10:00:00,مؤكد,CUST-00193,العميل رقم 193,+967771000193,client_193@example.com,صنعاء,السبعين,سريع,2000.0,كاش,تم الدفع,8000.0,YER,10000.0,"[{""sku"":""SKU-1"",""name"":""Product A"",""qty"":2,""unit_price"":4000.0,""total"":8000.0}]"
ORD-CLN-00194,2026-08-20T10:00:00,مؤكد,CUST-00194,العميل رقم 194,+967771000194,client_194@example.com,صنعاء,السبعين,سريع,2000.0,كاش,تم الدفع,8000.0,YER,10000.0,"[{""sku"":""SKU-1"",""name"":""Product A"",""qty"":2,""unit_price"":4000.0,""total"":8000.0}]"
ORD-CLN-00195,2026-08-20T10:00:00,مؤكد,CUST-00195,العميل رقم 195,+967771000195,client_195@example.com,صنعاء,السبعين,سريع,2000.0,كاش,تم الدفع,8000.0,YER,10000.0,"[{""sku"":""SKU-1"",""name"":""Product A"",""qty"":2,""unit_price"":4000.0,""total"":8000.0}]"
ORD-CLN-00196,2026-08-20T10:00:00,مؤكد,CUST-00196,العميل رقم 196,+967771000196,client_196@example.com,صنعاء,السبعين,سريع,2000.0,كاش,تم الدفع,8000.0,YER,10000.0,"[{""sku"":""SKU-1"",""name"":""Product A"",""qty"":2,""unit_price"":4000.0,""total"":8000.0}]"
ORD-CLN-00197,2026-08-20T10:00:00,مؤكد,CUST-00197,العميل رقم 197,+967771000197,client_197@example.com,صنعاء,السبعين,سريع,2000.0,كاش,تم الدفع,8000.0,YER,10000.0,"[{""sku"":""SKU-1"",""name"":""Product A"",""qty"":2,""unit_price"":4000.0,""total"":8000.0}]"
ORD-CLN-00198,2026-08-20T10:00:00,مؤكد,CUST-00198,العميل رقم 198,+967771000198,client_198@example.com,صنعاء,السبعين,سريع,2000.0,كاش,تم الدفع,8000.0,YER,10000.0,"[{""sku"":""SKU-1"",""name"":""Product A"",""qty"":2,""unit_price"":4000.0,""total"":8000.0}]"
ORD-CLN-00199,2026-08-20T10:00:00,مؤكد,CUST-00199,العميل رقم 199,+967771000199,client_199@example.com,صنعاء,السبعين,سريع,2000.0,كاش,تم الدفع,8000.0,YER,10000.0,"[{""sku"":""SKU-1"",""name"":""Product A"",""qty"":2,""unit_price"":4000.0,""total"":8000.0}]"
ORD-CLN-00200,2026-08-20T10:00:00,مؤكد,CUST-00200,العميل رقم 200,+967771000200,client_200@example.com,صنعاء,السبعين,سريع,2000.0,كاش,تم الدفع,8000.0,YER,10000.0,"[{""sku"":""SKU-1"",""name"":""Product A"",""qty"":2,""unit_price"":4000.0,""total"":8000.0}]"
ORD-CLN-00201,2026-08-20T10:00:00,مؤكد,CUST-00201,العميل رقم 201,+967771000201,client_201@example.com,صنعاء,السبعين,سريع,2000.0,كاش,تم الدفع,8000.0,YER,10000.0,"[{""sku"":""SKU-1"",""name"":""Product A"",""qty"":2,""unit_price"":4000.0,""total"":8000.0}]"
ORD-CLN-00202,2026-08-20T10:00:00,مؤكد,CUST-00202,العميل رقم 202,+967771000202,client_202@example.com,صنعاء,السبعين,سريع,2000.0,كاش,تم الدفع,8000.0,YER,10000.0,"[{""sku"":""SKU-1"",""name"":""Product A"",""qty"":2,""unit_price"":4000.0,""total"":8000.0}]"
ORD-CLN-00203,2026-08-20T10:00:00,مؤكد,CUST-00203,العميل رقم 203,+967771000203,client_203@example.com,صنعاء,السبعين,سريع,2000.0,كاش,تم الدفع,8000.0,YER,10000.0,"[{""sku"":""SKU-1"",""name"":""Product A"",""qty"":2,""unit_price"":4000.0,""total"":8000.0}]"
ORD-CLN-00204,2026-08-20T10:00:00,مؤكد,CUST-00204,العميل رقم 204,+967771000204,client_204@example.com,صنعاء,السبعين,سريع,2000.0,كاش,تم الدفع,8000.0,YER,10000.0,"[{""sku"":""SKU-1"",""name"":""Product A"",""qty"":2,""unit_price"":4000.0,""total"":8000.0}]"
ORD-CLN-00205,2026-08-20T10:00:00,مؤكد,CUST-00205,العميل رقم 205,+967771000205,client_205@example.com,صنعاء,السبعين,سريع,2000.0,كاش,تم الدفع,8000.0,YER,10000.0,"[{""sku"":""SKU-1"",""name"":""Product A"",""qty"":2,""unit_price"":4000.0,""total"":8000.0}]"
ORD-CLN-00206,2026-08-20T10:00:00,مؤكد,CUST-00206,العميل رقم 206,+967771000206,client_206@example.com,صنعاء,السبعين,سريع,2000.0,كاش,تم الدفع,8000.0,YER,10000.0,"[{""sku"":""SKU-1"",""name"":""Product A"",""qty"":2,""unit_price"":4000.0,""total"":8000.0}]"
ORD-CLN-00207,2026-08-20T10:00:00,مؤكد,CUST-00207,العميل رقم 207,+967771000207,client_207@example.com,صنعاء,السبعين,سريع,2000.0,كاش,تم الدفع,8000.0,YER,10000.0,"[{""sku"":""SKU-1"",""name"":""Product A"",""qty"":2,""unit_price"":4000.0,""total"":8000.0}]"
ORD-CLN-00208,2026-08-20T10:00:00,مؤكد,CUST-00208,العميل رقم 208,+967771000208,client_208@example.com,صنعاء,السبعين,سريع,2000.0,كاش,تم الدفع,8000.0,YER,10000.0,"[{""sku"":""SKU-1"",""name"":""Product A"",""qty"":2,""unit_price"":4000.0,""total"":8000.0}]"
ORD-CLN-00209,2026-08-20T10:00:00,مؤكد,CUST-00209,العميل رقم 209,+967771000209,client_209@example.com,صنعاء,السبعين,سريع,2000.0,كاش,تم الدفع,8000.0,YER,10000.0,"[{""sku"":""SKU-1"",""name"":""Product A"",""qty"":2,""unit_price"":4000.0,""total"":8000.0}]"
ORD-CLN-00210,2026-08-20T10:00:00,مؤكد,CUST-00210,العميل رقم 210,+967771000210,client_210@example.com,صنعاء,السبعين,سريع,2000.0,كاش,تم الدفع,8000.0,YER,10000.0,"[{""sku"":""SKU-1"",""name"":""Product A"",""qty"":2,""unit_price"":4000.0,""total"":8000.0}]"
ORD-CLN-00211,2026-08-20T10:00:00,مؤكد,CUST-00211,العميل رقم 211,+967771000211,client_211@example.com,صنعاء,السبعين,سريع,2000.0,كاش,تم الدفع,8000.0,YER,10000.0,"[{""sku"":""SKU-1"",""name"":""Product A"",""qty"":2,""unit_price"":4000.0,""total"":8000.0}]"
ORD-CLN-00212,2026-08-20T10:00:00,مؤكد,CUST-00212,العميل رقم 212,+967771000212,client_212@example.com,صنعاء,السبعين,سريع,2000.0,كاش,تم الدفع,8000.0,YER,10000.0,"[{""sku"":""SKU-1"",""name"":""Product A"",""qty"":2,""unit_price"":4000.0,""total"":8000.0}]"
ORD-CLN-00213,2026-08-20T10:00:00,مؤكد,CUST-00213,العميل رقم 213,+967771000213,client_213@example.com,صنعاء,السبعين,سريع,2000.0,كاش,تم الدفع,8000.0,YER,10000.0,"[{""sku"":""SKU-1"",""name"":""Product A"",""qty"":2,""unit_price"":4000.0,""total"":8000.0}]"
ORD-CLN-00214,2026-08-20T10:00:00,مؤكد,CUST-00214,العميل رقم 214,+967771000214,client_214@example.com,صنعاء,السبعين,سريع,2000.0,كاش,تم الدفع,8000.0,YER,10000.0,"[{""sku"":""SKU-1"",""name"":""Product A"",""qty"":2,""unit_price"":4000.0,""total"":8000.0}]"
ORD-CLN-00215,2026-08-20T10:00:00,مؤكد,CUST-00215,العميل رقم 215,+967771000215,client_215@example.com,صنعاء,السبعين,سريع,2000.0,كاش,تم الدفع,8000.0,YER,10000.0,"[{""sku"":""SKU-1"",""name"":""Product A"",""qty"":2,""unit_price"":4000.0,""total"":8000.0}]"
ORD-CLN-00216,2026-08-20T10:00:00,مؤكد,CUST-00216,العميل رقم 216,+967771000216,client_216@example.com,صنعاء,السبعين,سريع,2000.0,كاش,تم الدفع,8000.0,YER,10000.0,"[{""sku"":""SKU-1"",""name"":""Product A"",""qty"":2,""unit_price"":4000.0,""total"":8000.0}]"
ORD-CLN-00217,2026-08-20T10:00:00,مؤكد,CUST-00217,العميل رقم 217,+967771000217,client_217@example.com,صنعاء,السبعين,سريع,2000.0,كاش,تم الدفع,8000.0,YER,10000.0,"[{""sku"":""SKU-1"",""name"":""Product A"",""qty"":2,""unit_price"":4000.0,""total"":8000.0}]"
ORD-CLN-00218,2026-08-20T10:00:00,مؤكد,CUST-00218,العميل رقم 218,+967771000218,client_218@example.com,صنعاء,السبعين,سريع,2000.0,كاش,تم الدفع,8000.0,YER,10000.0,"[{""sku"":""SKU-1"",""name"":""Product A"",""qty"":2,""unit_price"":4000.0,""total"":8000.0}]"
ORD-CLN-00219,2026-08-20T10:00:00,مؤكد,CUST-00219,العميل رقم 219,+967771000219,client_219@example.com,صنعاء,السبعين,سريع,2000.0,كاش,تم الدفع,8000.0,YER,10000.0,"[{""sku"":""SKU-1"",""name"":""Product A"",""qty"":2,""unit_price"":4000.0,""total"":8000.0}]"
ORD-CLN-00220,2026-08-20T10:00:00,مؤكد,CUST-00220,العميل رقم 220,+967771000220,client_220@example.com,صنعاء,السبعين,سريع,2000.0,كاش,تم الدفع,8000.0,YER,10000.0,"[{""sku"":""SKU-1"",""name"":""Product A"",""qty"":2,""unit_price"":4000.0,""total"":8000.0}]"
ORD-CLN-00221,2026-08-20T10:00:00,مؤكد,CUST-00221,العميل رقم 221,+967771000221,client_221@example.com,صنعاء,السبعين,سريع,2000.0,كاش,تم الدفع,8000.0,YER,10000.0,"[{""sku"":""SKU-1"",""name"":""Product A"",""qty"":2,""unit_price"":4000.0,""total"":8000.0}]"
ORD-CLN-00222,2026-08-20T10:00:00,مؤكد,CUST-00222,العميل رقم 222,+967771000222,client_222@example.com,صنعاء,السبعين,سريع,2000.0,كاش,تم الدفع,8000.0,YER,10000.0,"[{""sku"":""SKU-1"",""name"":""Product A"",""qty"":2,""unit_price"":4000.0,""total"":8000.0}]"
ORD-CLN-00223,2026-08-20T10:00:00,مؤكد,CUST-00223,العميل رقم 223,+967771000223,client_223@example.com,صنعاء,السبعين,سريع,2000.0,كاش,تم الدفع,8000.0,YER,10000.0,"[{""sku"":""SKU-1"",""name"":""Product A"",""qty"":2,""unit_price"":4000.0,""total"":8000.0}]"
ORD-CLN-00224,2026-08-20T10:00:00,مؤكد,CUST-00224,العميل رقم 224,+967771000224,client_224@example.com,صنعاء,السبعين,سريع,2000.0,كاش,تم الدفع,8000.0,YER,10000.0,"[{""sku"":""SKU-1"",""name"":""Product A"",""qty"":2,""unit_price"":4000.0,""total"":8000.0}]"
ORD-CLN-00225,2026-08-20T10:00:00,مؤكد,CUST-00225,العميل رقم 225,+967771000225,client_225@example.com,صنعاء,السبعين,سريع,2000.0,كاش,تم الدفع,8000.0,YER,10000.0,"[{""sku"":""SKU-1"",""name"":""Product A"",""qty"":2,""unit_price"":4000.0,""total"":8000.0}]"
ORD-CLN-00226,2026-08-20T10:00:00,مؤكد,CUST-00226,العميل رقم 226,+967771000226,client_226@example.com,صنعاء,السبعين,سريع,2000.0,كاش,تم الدفع,8000.0,YER,10000.0,"[{""sku"":""SKU-1"",""name"":""Product A"",""qty"":2,""unit_price"":4000.0,""total"":8000.0}]"
ORD-CLN-00227,2026-08-20T10:00:00,مؤكد,CUST-00227,العميل رقم 227,+967771000227,client_227@example.com,صنعاء,السبعين,سريع,2000.0,كاش,تم الدفع,8000.0,YER,10000.0,"[{""sku"":""SKU-1"",""name"":""Product A"",""qty"":2,""unit_price"":4000.0,""total"":8000.0}]"
ORD-CLN-00228,2026-08-20T10:00:00,مؤكد,CUST-00228,العميل رقم 228,+967771000228,client_228@example.com,صنعاء,السبعين,سريع,2000.0,كاش,تم الدفع,8000.0,YER,10000.0,"[{""sku"":""SKU-1"",""name"":""Product A"",""qty"":2,""unit_price"":4000.0,""total"":8000.0}]"
ORD-CLN-00229,2026-08-20T10:00:00,مؤكد,CUST-00229,العميل رقم 229,+967771000229,client_229@example.com,صنعاء,السبعين,سريع,2000.0,كاش,تم الدفع,8000.0,YER,10000.0,"[{""sku"":""SKU-1"",""name"":""Product A"",""qty"":2,""unit_price"":4000.0,""total"":8000.0}]"
ORD-CLN-00230,2026-08-20T10:00:00,مؤكد,CUST-00230,العميل رقم 230,+967771000230,client_230@example.com,صنعاء,السبعين,سريع,2000.0,كاش,تم الدفع,8000.0,YER,10000.0,"[{""sku"":""SKU-1"",""name"":""Product A"",""qty"":2,""unit_price"":4000.0,""total"":8000.0}]"
ORD-CLN-00231,2026-08-20T10:00:00,مؤكد,CUST-00231,العميل رقم 231,+967771000231,client_231@example.com,صنعاء,السبعين,سريع,2000.0,كاش,تم الدفع,8000.0,YER,10000.0,"[{""sku"":""SKU-1"",""name"":""Product A"",""qty"":2,""unit_price"":4000.0,""total"":8000.0}]"
ORD-CLN-00232,2026-08-20T10:00:00,مؤكد,CUST-00232,العميل رقم 232,+967771000232,client_232@example.com,صنعاء,السبعين,سريع,2000.0,كاش,تم الدفع,8000.0,YER,10000.0,"[{""sku"":""SKU-1"",""name"":""Product A"",""qty"":2,""unit_price"":4000.0,""total"":8000.0}]"
ORD-CLN-00233,2026-08-20T10:00:00,مؤكد,CUST-00233,العميل رقم 233,+967771000233,client_233@example.com,صنعاء,السبعين,سريع,2000.0,كاش,تم الدفع,8000.0,YER,10000.0,"[{""sku"":""SKU-1"",""name"":""Product A"",""qty"":2,""unit_price"":4000.0,""total"":8000.0}]"
ORD-CLN-00234,2026-08-20T10:00:00,مؤكد,CUST-00234,العميل رقم 234,+967771000234,client_234@example.com,صنعاء,السبعين,سريع,2000.0,كاش,تم الدفع,8000.0,YER,10000.0,"[{""sku"":""SKU-1"",""name"":""Product A"",""qty"":2,""unit_price"":4000.0,""total"":8000.0}]"
ORD-CLN-00235,2026-08-20T10:00:00,مؤكد,CUST-00235,العميل رقم 235,+967771000235,client_235@example.com,صنعاء,السبعين,سريع,2000.0,كاش,تم الدفع,8000.0,YER,10000.0,"[{""sku"":""SKU-1"",""name"":""Product A"",""qty"":2,""unit_price"":4000.0,""total"":8000.0}]"
ORD-CLN-00236,2026-08-20T10:00:00,مؤكد,CUST-00236,العميل رقم 236,+967771000236,client_236@example.com,صنعاء,السبعين,سريع,2000.0,كاش,تم الدفع,8000.0,YER,10000.0,"[{""sku"":""SKU-1"",""name"":""Product A"",""qty"":2,""unit_price"":4000.0,""total"":8000.0}]"
ORD-CLN-00237,2026-08-20T10:00:00,مؤكد,CUST-00237,العميل رقم 237,+967771000237,client_237@example.com,صنعاء,السبعين,سريع,2000.0,كاش,تم الدفع,8000.0,YER,10000.0,"[{""sku"":""SKU-1"",""name"":""Product A"",""qty"":2,""unit_price"":4000.0,""total"":8000.0}]"
ORD-CLN-00238,2026-08-20T10:00:00,مؤكد,CUST-00238,العميل رقم 238,+967771000238,client_238@example.com,صنعاء,السبعين,سريع,2000.0,كاش,تم الدفع,8000.0,YER,10000.0,"[{""sku"":""SKU-1"",""name"":""Product A"",""qty"":2,""unit_price"":4000.0,""total"":8000.0}]"
ORD-CLN-00239,2026-08-20T10:00:00,مؤكد,CUST-00239,العميل رقم 239,+967771000239,client_239@example.com,صنعاء,السبعين,سريع,2000.0,كاش,تم الدفع,8000.0,YER,10000.0,"[{""sku"":""SKU-1"",""name"":""Product A"",""qty"":2,""unit_price"":4000.0,""total"":8000.0}]"
ORD-CLN-00240,2026-08-20T10:00:00,مؤكد,CUST-00240,العميل رقم 240,+967771000240,client_240@example.com,صنعاء,السبعين,سريع,2000.0,كاش,تم الدفع,8000.0,YER,10000.0,"[{""sku"":""SKU-1"",""name"":""Product A"",""qty"":2,""unit_price"":4000.0,""total"":8000.0}]"
ORD-CLN-00241,2026-08-20T10:00:00,مؤكد,CUST-00241,العميل رقم 241,+967771000241,client_241@example.com,صنعاء,السبعين,سريع,2000.0,كاش,تم الدفع,8000.0,YER,10000.0,"[{""sku"":""SKU-1"",""name"":""Product A"",""qty"":2,""unit_price"":4000.0,""total"":8000.0}]"
ORD-CLN-00242,2026-08-20T10:00:00,مؤكد,CUST-00242,العميل رقم 242,+967771000242,client_242@example.com,صنعاء,السبعين,سريع,2000.0,كاش,تم الدفع,8000.0,YER,10000.0,"[{""sku"":""SKU-1"",""name"":""Product A"",""qty"":2,""unit_price"":4000.0,""total"":8000.0}]"
ORD-CLN-00243,2026-08-20T10:00:00,مؤكد,CUST-00243,العميل رقم 243,+967771000243,client_243@example.com,صنعاء,السبعين,سريع,2000.0,كاش,تم الدفع,8000.0,YER,10000.0,"[{""sku"":""SKU-1"",""name"":""Product A"",""qty"":2,""unit_price"":4000.0,""total"":8000.0}]"
ORD-CLN-00244,2026-08-20T10:00:00,مؤكد,CUST-00244,العميل رقم 244,+967771000244,client_244@example.com,صنعاء,السبعين,سريع,2000.0,كاش,تم الدفع,8000.0,YER,10000.0,"[{""sku"":""SKU-1"",""name"":""Product A"",""qty"":2,""unit_price"":4000.0,""total"":8000.0}]"
ORD-CLN-00245,2026-08-20T10:00:00,مؤكد,CUST-00245,العميل رقم 245,+967771000245,client_245@example.com,صنعاء,السبعين,سريع,2000.0,كاش,تم الدفع,8000.0,YER,10000.0,"[{""sku"":""SKU-1"",""name"":""Product A"",""qty"":2,""unit_price"":4000.0,""total"":8000.0}]"
ORD-CLN-00246,2026-08-20T10:00:00,مؤكد,CUST-00246,العميل رقم 246,+967771000246,client_246@example.com,صنعاء,السبعين,سريع,2000.0,كاش,تم الدفع,8000.0,YER,10000.0,"[{""sku"":""SKU-1"",""name"":""Product A"",""qty"":2,""unit_price"":4000.0,""total"":8000.0}]"
ORD-CLN-00247,2026-08-20T10:00:00,مؤكد,CUST-00247,العميل رقم 247,+967771000247,client_247@example.com,صنعاء,السبعين,سريع,2000.0,كاش,تم الدفع,8000.0,YER,10000.0,"[{""sku"":""SKU-1"",""name"":""Product A"",""qty"":2,""unit_price"":4000.0,""total"":8000.0}]"
ORD-CLN-00248,2026-08-20T10:00:00,مؤكد,CUST-00248,العميل رقم 248,+967771000248,client_248@example.com,صنعاء,السبعين,سريع,2000.0,كاش,تم الدفع,8000.0,YER,10000.0,"[{""sku"":""SKU-1"",""name"":""Product A"",""qty"":2,""unit_price"":4000.0,""total"":8000.0}]"
ORD-CLN-00249,2026-08-20T10:00:00,مؤكد,CUST-00249,العميل رقم 249,+967771000249,client_249@example.com,صنعاء,السبعين,سريع,2000.0,كاش,تم الدفع,8000.0,YER,10000.0,"[{""sku"":""SKU-1"",""name"":""Product A"",""qty"":2,""unit_price"":4000.0,""total"":8000.0}]"
ORD-CLN-00250,2026-08-20T10:00:00,مؤكد,CUST-00250,العميل رقم 250,+967771000250,client_250@example.com,صنعاء,السبعين,سريع,2000.0,كاش,تم الدفع,8000.0,YER,10000.0,"[{""sku"":""SKU-1"",""name"":""Product A"",""qty"":2,""unit_price"":4000.0,""total"":8000.0}]"
ORD-CLN-00251,2026-08-20T10:00:00,مؤكد,CUST-00251,العميل رقم 251,+967771000251,client_251@example.com,صنعاء,السبعين,سريع,2000.0,كاش,تم الدفع,8000.0,YER,10000.0,"[{""sku"":""SKU-1"",""name"":""Product A"",""qty"":2,""unit_price"":4000.0,""total"":8000.0}]"
ORD-CLN-00252,2026-08-20T10:00:00,مؤكد,CUST-00252,العميل رقم 252,+967771000252,client_252@example.com,صنعاء,السبعين,سريع,2000.0,كاش,تم الدفع,8000.0,YER,10000.0,"[{""sku"":""SKU-1"",""name"":""Product A"",""qty"":2,""unit_price"":4000.0,""total"":8000.0}]"
ORD-CLN-00253,2026-08-20T10:00:00,مؤكد,CUST-00253,العميل رقم 253,+967771000253,client_253@example.com,صنعاء,السبعين,سريع,2000.0,كاش,تم الدفع,8000.0,YER,10000.0,"[{""sku"":""SKU-1"",""name"":""Product A"",""qty"":2,""unit_price"":4000.0,""total"":8000.0}]"
ORD-CLN-00254,2026-08-20T10:00:00,مؤكد,CUST-00254,العميل رقم 254,+967771000254,client_254@example.com,صنعاء,السبعين,سريع,2000.0,كاش,تم الدفع,8000.0,YER,10000.0,"[{""sku"":""SKU-1"",""name"":""Product A"",""qty"":2,""unit_price"":4000.0,""total"":8000.0}]"
ORD-CLN-00255,2026-08-20T10:00:00,مؤكد,CUST-00255,العميل رقم 255,+967771000255,client_255@example.com,صنعاء,السبعين,سريع,2000.0,كاش,تم الدفع,8000.0,YER,10000.0,"[{""sku"":""SKU-1"",""name"":""Product A"",""qty"":2,""unit_price"":4000.0,""total"":8000.0}]"
ORD-CLN-00256,2026-08-20T10:00:00,مؤكد,CUST-00256,العميل رقم 256,+967771000256,client_256@example.com,صنعاء,السبعين,سريع,2000.0,كاش,تم الدفع,8000.0,YER,10000.0,"[{""sku"":""SKU-1"",""name"":""Product A"",""qty"":2,""unit_price"":4000.0,""total"":8000.0}]"
ORD-CLN-00257,2026-08-20T10:00:00,مؤكد,CUST-00257,العميل رقم 257,+967771000257,client_257@example.com,صنعاء,السبعين,سريع,2000.0,كاش,تم الدفع,8000.0,YER,10000.0,"[{""sku"":""SKU-1"",""name"":""Product A"",""qty"":2,""unit_price"":4000.0,""total"":8000.0}]"
ORD-CLN-00258,2026-08-20T10:00:00,مؤكد,CUST-00258,العميل رقم 258,+967771000258,client_258@example.com,صنعاء,السبعين,سريع,2000.0,كاش,تم الدفع,8000.0,YER,10000.0,"[{""sku"":""SKU-1"",""name"":""Product A"",""qty"":2,""unit_price"":4000.0,""total"":8000.0}]"
ORD-CLN-00259,2026-08-20T10:00:00,مؤكد,CUST-00259,العميل رقم 259,+967771000259,client_259@example.com,صنعاء,السبعين,سريع,2000.0,كاش,تم الدفع,8000.0,YER,10000.0,"[{""sku"":""SKU-1"",""name"":""Product A"",""qty"":2,""unit_price"":4000.0,""total"":8000.0}]"
ORD-CLN-00260,2026-08-20T10:00:00,مؤكد,CUST-00260,العميل رقم 260,+967771000260,client_260@example.com,صنعاء,السبعين,سريع,2000.0,كاش,تم الدفع,8000.0,YER,10000.0,"[{""sku"":""SKU-1"",""name"":""Product A"",""qty"":2,""unit_price"":4000.0,""total"":8000.0}]"
ORD-CLN-00261,2026-08-20T10:00:00,مؤكد,CUST-00261,العميل رقم 261,+967771000261,client_261@example.com,صنعاء,السبعين,سريع,2000.0,كاش,تم الدفع,8000.0,YER,10000.0,"[{""sku"":""SKU-1"",""name"":""Product A"",""qty"":2,""unit_price"":4000.0,""total"":8000.0}]"
ORD-CLN-00262,2026-08-20T10:00:00,مؤكد,CUST-00262,العميل رقم 262,+967771000262,client_262@example.com,صنعاء,السبعين,سريع,2000.0,كاش,تم الدفع,8000.0,YER,10000.0,"[{""sku"":""SKU-1"",""name"":""Product A"",""qty"":2,""unit_price"":4000.0,""total"":8000.0}]"
ORD-CLN-00263,2026-08-20T10:00:00,مؤكد,CUST-00263,العميل رقم 263,+967771000263,client_263@example.com,صنعاء,السبعين,سريع,2000.0,كاش,تم الدفع,8000.0,YER,10000.0,"[{""sku"":""SKU-1"",""name"":""Product A"",""qty"":2,""unit_price"":4000.0,""total"":8000.0}]"
ORD-CLN-00264,2026-08-20T10:00:00,مؤكد,CUST-00264,العميل رقم 264,+967771000264,client_264@example.com,صنعاء,السبعين,سريع,2000.0,كاش,تم الدفع,8000.0,YER,10000.0,"[{""sku"":""SKU-1"",""name"":""Product A"",""qty"":2,""unit_price"":4000.0,""total"":8000.0}]"
ORD-CLN-00265,2026-08-20T10:00:00,مؤكد,CUST-00265,العميل رقم 265,+967771000265,client_265@example.com,صنعاء,السبعين,سريع,2000.0,كاش,تم الدفع,8000.0,YER,10000.0,"[{""sku"":""SKU-1"",""name"":""Product A"",""qty"":2,""unit_price"":4000.0,""total"":8000.0}]"
ORD-CLN-00266,2026-08-20T10:00:00,مؤكد,CUST-00266,العميل رقم 266,+967771000266,client_266@example.com,صنعاء,السبعين,سريع,2000.0,كاش,تم الدفع,8000.0,YER,10000.0,"[{""sku"":""SKU-1"",""name"":""Product A"",""qty"":2,""unit_price"":4000.0,""total"":8000.0}]"
ORD-CLN-00267,2026-08-20T10:00:00,مؤكد,CUST-00267,العميل رقم 267,+967771000267,client_267@example.com,صنعاء,السبعين,سريع,2000.0,كاش,تم الدفع,8000.0,YER,10000.0,"[{""sku"":""SKU-1"",""name"":""Product A"",""qty"":2,""unit_price"":4000.0,""total"":8000.0}]"
ORD-CLN-00268,2026-08-20T10:00:00,مؤكد,CUST-00268,العميل رقم 268,+967771000268,client_268@example.com,صنعاء,السبعين,سريع,2000.0,كاش,تم الدفع,8000.0,YER,10000.0,"[{""sku"":""SKU-1"",""name"":""Product A"",""qty"":2,""unit_price"":4000.0,""total"":8000.0}]"
ORD-CLN-00269,2026-08-20T10:00:00,مؤكد,CUST-00269,العميل رقم 269,+967771000269,client_269@example.com,صنعاء,السبعين,سريع,2000.0,كاش,تم الدفع,8000.0,YER,10000.0,"[{""sku"":""SKU-1"",""name"":""Product A"",""qty"":2,""unit_price"":4000.0,""total"":8000.0}]"
ORD-CLN-00270,2026-08-20T10:00:00,مؤكد,CUST-00270,العميل رقم 270,+967771000270,client_270@example.com,صنعاء,السبعين,سريع,2000.0,كاش,تم الدفع,8000.0,YER,10000.0,"[{""sku"":""SKU-1"",""name"":""Product A"",""qty"":2,""unit_price"":4000.0,""total"":8000.0}]"
ORD-CLN-00271,2026-08-20T10:00:00,مؤكد,CUST-00271,العميل رقم 271,+967771000271,client_271@example.com,صنعاء,السبعين,سريع,2000.0,كاش,تم الدفع,8000.0,YER,10000.0,"[{""sku"":""SKU-1"",""name"":""Product A"",""qty"":2,""unit_price"":4000.0,""total"":8000.0}]"
ORD-CLN-00272,2026-08-20T10:00:00,مؤكد,CUST-00272,العميل رقم 272,+967771000272,client_272@example.com,صنعاء,السبعين,سريع,2000.0,كاش,تم الدفع,8000.0,YER,10000.0,"[{""sku"":""SKU-1"",""name"":""Product A"",""qty"":2,""unit_price"":4000.0,""total"":8000.0}]"
ORD-CLN-00273,2026-08-20T10:00:00,مؤكد,CUST-00273,العميل رقم 273,+967771000273,client_273@example.com,صنعاء,السبعين,سريع,2000.0,كاش,تم الدفع,8000.0,YER,10000.0,"[{""sku"":""SKU-1"",""name"":""Product A"",""qty"":2,""unit_price"":4000.0,""total"":8000.0}]"
ORD-CLN-00274,2026-08-20T10:00:00,مؤكد,CUST-00274,العميل رقم 274,+967771000274,client_274@example.com,صنعاء,السبعين,سريع,2000.0,كاش,تم الدفع,8000.0,YER,10000.0,"[{""sku"":""SKU-1"",""name"":""Product A"",""qty"":2,""unit_price"":4000.0,""total"":8000.0}]"
ORD-CLN-00275,2026-08-20T10:00:00,مؤكد,CUST-00275,العميل رقم 275,+967771000275,client_275@example.com,صنعاء,السبعين,سريع,2000.0,كاش,تم الدفع,8000.0,YER,10000.0,"[{""sku"":""SKU-1"",""name"":""Product A"",""qty"":2,""unit_price"":4000.0,""total"":8000.0}]"
ORD-CLN-00276,2026-08-20T10:00:00,مؤكد,CUST-00276,العميل رقم 276,+967771000276,client_276@example.com,صنعاء,السبعين,سريع,2000.0,كاش,تم الدفع,8000.0,YER,10000.0,"[{""sku"":""SKU-1"",""name"":""Product A"",""qty"":2,""unit_price"":4000.0,""total"":8000.0}]"
ORD-CLN-00277,2026-08-20T10:00:00,مؤكد,CUST-00277,العميل رقم 277,+967771000277,client_277@example.com,صنعاء,السبعين,سريع,2000.0,كاش,تم الدفع,8000.0,YER,10000.0,"[{""sku"":""SKU-1"",""name"":""Product A"",""qty"":2,""unit_price"":4000.0,""total"":8000.0}]"
ORD-CLN-00278,2026-08-20T10:00:00,مؤكد,CUST-00278,العميل رقم 278,+967771000278,client_278@example.com,صنعاء,السبعين,سريع,2000.0,كاش,تم الدفع,8000.0,YER,10000.0,"[{""sku"":""SKU-1"",""name"":""Product A"",""qty"":2,""unit_price"":4000.0,""total"":8000.0}]"
ORD-CLN-00279,2026-08-20T10:00:00,مؤكد,CUST-00279,العميل رقم 279,+967771000279,client_279@example.com,صنعاء,السبعين,سريع,2000.0,كاش,تم الدفع,8000.0,YER,10000.0,"[{""sku"":""SKU-1"",""name"":""Product A"",""qty"":2,""unit_price"":4000.0,""total"":8000.0}]"
ORD-CLN-00280,2026-08-20T10:00:00,مؤكد,CUST-00280,العميل رقم 280,+967771000280,client_280@example.com,صنعاء,السبعين,سريع,2000.0,كاش,تم الدفع,8000.0,YER,10000.0,"[{""sku"":""SKU-1"",""name"":""Product A"",""qty"":2,""unit_price"":4000.0,""total"":8000.0}]"
ORD-CLN-00281,2026-08-20T10:00:00,مؤكد,CUST-00281,العميل رقم 281,+967771000281,client_281@example.com,صنعاء,السبعين,سريع,2000.0,كاش,تم الدفع,8000.0,YER,10000.0,"[{""sku"":""SKU-1"",""name"":""Product A"",""qty"":2,""unit_price"":4000.0,""total"":8000.0}]"
ORD-CLN-00282,2026-08-20T10:00:00,مؤكد,CUST-00282,العميل رقم 282,+967771000282,client_282@example.com,صنعاء,السبعين,سريع,2000.0,كاش,تم الدفع,8000.0,YER,10000.0,"[{""sku"":""SKU-1"",""name"":""Product A"",""qty"":2,""unit_price"":4000.0,""total"":8000.0}]"
ORD-CLN-00283,2026-08-20T10:00:00,مؤكد,CUST-00283,العميل رقم 283,+967771000283,client_283@example.com,صنعاء,السبعين,سريع,2000.0,كاش,تم الدفع,8000.0,YER,10000.0,"[{""sku"":""SKU-1"",""name"":""Product A"",""qty"":2,""unit_price"":4000.0,""total"":8000.0}]"
ORD-CLN-00284,2026-08-20T10:00:00,مؤكد,CUST-00284,العميل رقم 284,+967771000284,client_284@example.com,صنعاء,السبعين,سريع,2000.0,كاش,تم الدفع,8000.0,YER,10000.0,"[{""sku"":""SKU-1"",""name"":""Product A"",""qty"":2,""unit_price"":4000.0,""total"":8000.0}]"
ORD-CLN-00285,2026-08-20T10:00:00,مؤكد,CUST-00285,العميل رقم 285,+967771000285,client_285@example.com,صنعاء,السبعين,سريع,2000.0,كاش,تم الدفع,8000.0,YER,10000.0,"[{""sku"":""SKU-1"",""name"":""Product A"",""qty"":2,""unit_price"":4000.0,""total"":8000.0}]"
ORD-CLN-00286,2026-08-20T10:00:00,مؤكد,CUST-00286,العميل رقم 286,+967771000286,client_286@example.com,صنعاء,السبعين,سريع,2000.0,كاش,تم الدفع,8000.0,YER,10000.0,"[{""sku"":""SKU-1"",""name"":""Product A"",""qty"":2,""unit_price"":4000.0,""total"":8000.0}]"
ORD-CLN-00287,2026-08-20T10:00:00,مؤكد,CUST-00287,العميل رقم 287,+967771000287,client_287@example.com,صنعاء,السبعين,سريع,2000.0,كاش,تم الدفع,8000.0,YER,10000.0,"[{""sku"":""SKU-1"",""name"":""Product A"",""qty"":2,""unit_price"":4000.0,""total"":8000.0}]"
ORD-CLN-00288,2026-08-20T10:00:00,مؤكد,CUST-00288,العميل رقم 288,+967771000288,client_288@example.com,صنعاء,السبعين,سريع,2000.0,كاش,تم الدفع,8000.0,YER,10000.0,"[{""sku"":""SKU-1"",""name"":""Product A"",""qty"":2,""unit_price"":4000.0,""total"":8000.0}]"
ORD-CLN-00289,2026-08-20T10:00:00,مؤكد,CUST-00289,العميل رقم 289,+967771000289,client_289@example.com,صنعاء,السبعين,سريع,2000.0,كاش,تم الدفع,8000.0,YER,10000.0,"[{""sku"":""SKU-1"",""name"":""Product A"",""qty"":2,""unit_price"":4000.0,""total"":8000.0}]"
ORD-CLN-00290,2026-08-20T10:00:00,مؤكد,CUST-00290,العميل رقم 290,+967771000290,client_290@example.com,صنعاء,السبعين,سريع,2000.0,كاش,تم الدفع,8000.0,YER,10000.0,"[{""sku"":""SKU-1"",""name"":""Product A"",""qty"":2,""unit_price"":4000.0,""total"":8000.0}]"
ORD-CLN-00291,2026-08-20T10:00:00,مؤكد,CUST-00291,العميل رقم 291,+967771000291,client_291@example.com,صنعاء,السبعين,سريع,2000.0,كاش,تم الدفع,8000.0,YER,10000.0,"[{""sku"":""SKU-1"",""name"":""Product A"",""qty"":2,""unit_price"":4000.0,""total"":8000.0}]"
ORD-CLN-00292,2026-08-20T10:00:00,مؤكد,CUST-00292,العميل رقم 292,+967771000292,client_292@example.com,صنعاء,السبعين,سريع,2000.0,كاش,تم الدفع,8000.0,YER,10000.0,"[{""sku"":""SKU-1"",""name"":""Product A"",""qty"":2,""unit_price"":4000.0,""total"":8000.0}]"
ORD-CLN-00293,2026-08-20T10:00:00,مؤكد,CUST-00293,العميل رقم 293,+967771000293,client_293@example.com,صنعاء,السبعين,سريع,2000.0,كاش,تم الدفع,8000.0,YER,10000.0,"[{""sku"":""SKU-1"",""name"":""Product A"",""qty"":2,""unit_price"":4000.0,""total"":8000.0}]"
ORD-CLN-00294,2026-08-20T10:00:00,مؤكد,CUST-00294,العميل رقم 294,+967771000294,client_294@example.com,صنعاء,السبعين,سريع,2000.0,كاش,تم الدفع,8000.0,YER,10000.0,"[{""sku"":""SKU-1"",""name"":""Product A"",""qty"":2,""unit_price"":4000.0,""total"":8000.0}]"
ORD-CLN-00295,2026-08-20T10:00:00,مؤكد,CUST-00295,العميل رقم 295,+967771000295,client_295@example.com,صنعاء,السبعين,سريع,2000.0,كاش,تم الدفع,8000.0,YER,10000.0,"[{""sku"":""SKU-1"",""name"":""Product A"",""qty"":2,""unit_price"":4000.0,""total"":8000.0}]"
ORD-CLN-00296,2026-08-20T10:00:00,مؤكد,CUST-00296,العميل رقم 296,+967771000296,client_296@example.com,صنعاء,السبعين,سريع,2000.0,كاش,تم الدفع,8000.0,YER,10000.0,"[{""sku"":""SKU-1"",""name"":""Product A"",""qty"":2,""unit_price"":4000.0,""total"":8000.0}]"
ORD-CLN-00297,2026-08-20T10:00:00,مؤكد,CUST-00297,العميل رقم 297,+967771000297,client_297@example.com,صنعاء,السبعين,سريع,2000.0,كاش,تم الدفع,8000.0,YER,10000.0,"[{""sku"":""SKU-1"",""name"":""Product A"",""qty"":2,""unit_price"":4000.0,""total"":8000.0}]"
ORD-CLN-00298,2026-08-20T10:00:00,مؤكد,CUST-00298,العميل رقم 298,+967771000298,client_298@example.com,صنعاء,السبعين,سريع,2000.0,كاش,تم الدفع,8000.0,YER,10000.0,"[{""sku"":""SKU-1"",""name"":""Product A"",""qty"":2,""unit_price"":4000.0,""total"":8000.0}]"
ORD-CLN-00299,2026-08-20T10:00:00,مؤكد,CUST-00299,العميل رقم 299,+967771000299,client_299@example.com,صنعاء,السبعين,سريع,2000.0,كاش,تم الدفع,8000.0,YER,10000.0,"[{""sku"":""SKU-1"",""name"":""Product A"",""qty"":2,""unit_price"":4000.0,""total"":8000.0}]"
ORD-CLN-00300,2026-08-20T10:00:00,مؤكد,CUST-00300,العميل رقم 300,+967771000300,client_300@example.com,صنعاء,السبعين,سريع,2000.0,كاش,تم الدفع,8000.0,YER,10000.0,"[{""sku"":""SKU-1"",""name"":""Product A"",""qty"":2,""unit_price"":4000.0,""total"":8000.0}]"
ORD-CLN-00301,2026-08-20T10:00:00,مؤكد,CUST-00301,العميل رقم 301,+967771000301,client_301@example.com,صنعاء,السبعين,سريع,2000.0,كاش,تم الدفع,8000.0,YER,10000.0,"[{""sku"":""SKU-1"",""name"":""Product A"",""qty"":2,""unit_price"":4000.0,""total"":8000.0}]"
ORD-CLN-00302,2026-08-20T10:00:00,مؤكد,CUST-00302,العميل رقم 302,+967771000302,client_302@example.com,صنعاء,السبعين,سريع,2000.0,كاش,تم الدفع,8000.0,YER,10000.0,"[{""sku"":""SKU-1"",""name"":""Product A"",""qty"":2,""unit_price"":4000.0,""total"":8000.0}]"
ORD-CLN-00303,2026-08-20T10:00:00,مؤكد,CUST-00303,العميل رقم 303,+967771000303,client_303@example.com,صنعاء,السبعين,سريع,2000.0,كاش,تم الدفع,8000.0,YER,10000.0,"[{""sku"":""SKU-1"",""name"":""Product A"",""qty"":2,""unit_price"":4000.0,""total"":8000.0}]"
ORD-CLN-00304,2026-08-20T10:00:00,مؤكد,CUST-00304,العميل رقم 304,+967771000304,client_304@example.com,صنعاء,السبعين,سريع,2000.0,كاش,تم الدفع,8000.0,YER,10000.0,"[{""sku"":""SKU-1"",""name"":""Product A"",""qty"":2,""unit_price"":4000.0,""total"":8000.0}]"
ORD-CLN-00305,2026-08-20T10:00:00,مؤكد,CUST-00305,العميل رقم 305,+967771000305,client_305@example.com,صنعاء,السبعين,سريع,2000.0,كاش,تم الدفع,8000.0,YER,10000.0,"[{""sku"":""SKU-1"",""name"":""Product A"",""qty"":2,""unit_price"":4000.0,""total"":8000.0}]"
ORD-CLN-00306,2026-08-20T10:00:00,مؤكد,CUST-00306,العميل رقم 306,+967771000306,client_306@example.com,صنعاء,السبعين,سريع,2000.0,كاش,تم الدفع,8000.0,YER,10000.0,"[{""sku"":""SKU-1"",""name"":""Product A"",""qty"":2,""unit_price"":4000.0,""total"":8000.0}]"
ORD-CLN-00307,2026-08-20T10:00:00,مؤكد,CUST-00307,العميل رقم 307,+967771000307,client_307@example.com,صنعاء,السبعين,سريع,2000.0,كاش,تم الدفع,8000.0,YER,10000.0,"[{""sku"":""SKU-1"",""name"":""Product A"",""qty"":2,""unit_price"":4000.0,""total"":8000.0}]"
ORD-CLN-00308,2026-08-20T10:00:00,مؤكد,CUST-00308,العميل رقم 308,+967771000308,client_308@example.com,صنعاء,السبعين,سريع,2000.0,كاش,تم الدفع,8000.0,YER,10000.0,"[{""sku"":""SKU-1"",""name"":""Product A"",""qty"":2,""unit_price"":4000.0,""total"":8000.0}]"
ORD-CLN-00309,2026-08-20T10:00:00,مؤكد,CUST-00309,العميل رقم 309,+967771000309,client_309@example.com,صنعاء,السبعين,سريع,2000.0,كاش,تم الدفع,8000.0,YER,10000.0,"[{""sku"":""SKU-1"",""name"":""Product A"",""qty"":2,""unit_price"":4000.0,""total"":8000.0}]"
ORD-CLN-00310,2026-08-20T10:00:00,مؤكد,CUST-00310,العميل رقم 310,+967771000310,client_310@example.com,صنعاء,السبعين,سريع,2000.0,كاش,تم الدفع,8000.0,YER,10000.0,"[{""sku"":""SKU-1"",""name"":""Product A"",""qty"":2,""unit_price"":4000.0,""total"":8000.0}]"
ORD-CLN-00311,2026-08-20T10:00:00,مؤكد,CUST-00311,العميل رقم 311,+967771000311,client_311@example.com,صنعاء,السبعين,سريع,2000.0,كاش,تم الدفع,8000.0,YER,10000.0,"[{""sku"":""SKU-1"",""name"":""Product A"",""qty"":2,""unit_price"":4000.0,""total"":8000.0}]"
ORD-CLN-00312,2026-08-20T10:00:00,مؤكد,CUST-00312,العميل رقم 312,+967771000312,client_312@example.com,صنعاء,السبعين,سريع,2000.0,كاش,تم الدفع,8000.0,YER,10000.0,"[{""sku"":""SKU-1"",""name"":""Product A"",""qty"":2,""unit_price"":4000.0,""total"":8000.0}]"
ORD-CLN-00313,2026-08-20T10:00:00,مؤكد,CUST-00313,العميل رقم 313,+967771000313,client_313@example.com,صنعاء,السبعين,سريع,2000.0,كاش,تم الدفع,8000.0,YER,10000.0,"[{""sku"":""SKU-1"",""name"":""Product A"",""qty"":2,""unit_price"":4000.0,""total"":8000.0}]"
ORD-CLN-00314,2026-08-20T10:00:00,مؤكد,CUST-00314,العميل رقم 314,+967771000314,client_314@example.com,صنعاء,السبعين,سريع,2000.0,كاش,تم الدفع,8000.0,YER,10000.0,"[{""sku"":""SKU-1"",""name"":""Product A"",""qty"":2,""unit_price"":4000.0,""total"":8000.0}]"
ORD-CLN-00315,2026-08-20T10:00:00,مؤكد,CUST-00315,العميل رقم 315,+967771000315,client_315@example.com,صنعاء,السبعين,سريع,2000.0,كاش,تم الدفع,8000.0,YER,10000.0,"[{""sku"":""SKU-1"",""name"":""Product A"",""qty"":2,""unit_price"":4000.0,""total"":8000.0}]"
ORD-CLN-00316,2026-08-20T10:00:00,مؤكد,CUST-00316,العميل رقم 316,+967771000316,client_316@example.com,صنعاء,السبعين,سريع,2000.0,كاش,تم الدفع,8000.0,YER,10000.0,"[{""sku"":""SKU-1"",""name"":""Product A"",""qty"":2,""unit_price"":4000.0,""total"":8000.0}]"
ORD-CLN-00317,2026-08-20T10:00:00,مؤكد,CUST-00317,العميل رقم 317,+967771000317,client_317@example.com,صنعاء,السبعين,سريع,2000.0,كاش,تم الدفع,8000.0,YER,10000.0,"[{""sku"":""SKU-1"",""name"":""Product A"",""qty"":2,""unit_price"":4000.0,""total"":8000.0}]"
ORD-CLN-00318,2026-08-20T10:00:00,مؤكد,CUST-00318,العميل رقم 318,+967771000318,client_318@example.com,صنعاء,السبعين,سريع,2000.0,كاش,تم الدفع,8000.0,YER,10000.0,"[{""sku"":""SKU-1"",""name"":""Product A"",""qty"":2,""unit_price"":4000.0,""total"":8000.0}]"
ORD-CLN-00319,2026-08-20T10:00:00,مؤكد,CUST-00319,العميل رقم 319,+967771000319,client_319@example.com,صنعاء,السبعين,سريع,2000.0,كاش,تم الدفع,8000.0,YER,10000.0,"[{""sku"":""SKU-1"",""name"":""Product A"",""qty"":2,""unit_price"":4000.0,""total"":8000.0}]"
ORD-CLN-00320,2026-08-20T10:00:00,مؤكد,CUST-00320,العميل رقم 320,+967771000320,client_320@example.com,صنعاء,السبعين,سريع,2000.0,كاش,تم الدفع,8000.0,YER,10000.0,"[{""sku"":""SKU-1"",""name"":""Product A"",""qty"":2,""unit_price"":4000.0,""total"":8000.0}]"
ORD-CLN-00321,2026-08-20T10:00:00,مؤكد,CUST-00321,العميل رقم 321,+967771000321,client_321@example.com,صنعاء,السبعين,سريع,2000.0,كاش,تم الدفع,8000.0,YER,10000.0,"[{""sku"":""SKU-1"",""name"":""Product A"",""qty"":2,""unit_price"":4000.0,""total"":8000.0}]"
ORD-CLN-00322,2026-08-20T10:00:00,مؤكد,CUST-00322,العميل رقم 322,+967771000322,client_322@example.com,صنعاء,السبعين,سريع,2000.0,كاش,تم الدفع,8000.0,YER,10000.0,"[{""sku"":""SKU-1"",""name"":""Product A"",""qty"":2,""unit_price"":4000.0,""total"":8000.0}]"
ORD-CLN-00323,2026-08-20T10:00:00,مؤكد,CUST-00323,العميل رقم 323,+967771000323,client_323@example.com,صنعاء,السبعين,سريع,2000.0,كاش,تم الدفع,8000.0,YER,10000.0,"[{""sku"":""SKU-1"",""name"":""Product A"",""qty"":2,""unit_price"":4000.0,""total"":8000.0}]"
ORD-CLN-00324,2026-08-20T10:00:00,مؤكد,CUST-00324,العميل رقم 324,+967771000324,client_324@example.com,صنعاء,السبعين,سريع,2000.0,كاش,تم الدفع,8000.0,YER,10000.0,"[{""sku"":""SKU-1"",""name"":""Product A"",""qty"":2,""unit_price"":4000.0,""total"":8000.0}]"
ORD-CLN-00325,2026-08-20T10:00:00,مؤكد,CUST-00325,العميل رقم 325,+967771000325,client_325@example.com,صنعاء,السبعين,سريع,2000.0,كاش,تم الدفع,8000.0,YER,10000.0,"[{""sku"":""SKU-1"",""name"":""Product A"",""qty"":2,""unit_price"":4000.0,""total"":8000.0}]"
ORD-CLN-00326,2026-08-20T10:00:00,مؤكد,CUST-00326,العميل رقم 326,+967771000326,client_326@example.com,صنعاء,السبعين,سريع,2000.0,كاش,تم الدفع,8000.0,YER,10000.0,"[{""sku"":""SKU-1"",""name"":""Product A"",""qty"":2,""unit_price"":4000.0,""total"":8000.0}]"
ORD-CLN-00327,2026-08-20T10:00:00,مؤكد,CUST-00327,العميل رقم 327,+967771000327,client_327@example.com,صنعاء,السبعين,سريع,2000.0,كاش,تم الدفع,8000.0,YER,10000.0,"[{""sku"":""SKU-1"",""name"":""Product A"",""qty"":2,""unit_price"":4000.0,""total"":8000.0}]"
ORD-CLN-00328,2026-08-20T10:00:00,مؤكد,CUST-00328,العميل رقم 328,+967771000328,client_328@example.com,صنعاء,السبعين,سريع,2000.0,كاش,تم الدفع,8000.0,YER,10000.0,"[{""sku"":""SKU-1"",""name"":""Product A"",""qty"":2,""unit_price"":4000.0,""total"":8000.0}]"
ORD-CLN-00329,2026-08-20T10:00:00,مؤكد,CUST-00329,العميل رقم 329,+967771000329,client_329@example.com,صنعاء,السبعين,سريع,2000.0,كاش,تم الدفع,8000.0,YER,10000.0,"[{""sku"":""SKU-1"",""name"":""Product A"",""qty"":2,""unit_price"":4000.0,""total"":8000.0}]"
ORD-CLN-00330,2026-08-20T10:00:00,مؤكد,CUST-00330,العميل رقم 330,+967771000330,client_330@example.com,صنعاء,السبعين,سريع,2000.0,كاش,تم الدفع,8000.0,YER,10000.0,"[{""sku"":""SKU-1"",""name"":""Product A"",""qty"":2,""unit_price"":4000.0,""total"":8000.0}]"
ORD-CLN-00331,2026-08-20T10:00:00,مؤكد,CUST-00331,العميل رقم 331,+967771000331,client_331@example.com,صنعاء,السبعين,سريع,2000.0,كاش,تم الدفع,8000.0,YER,10000.0,"[{""sku"":""SKU-1"",""name"":""Product A"",""qty"":2,""unit_price"":4000.0,""total"":8000.0}]"
ORD-CLN-00332,2026-08-20T10:00:00,مؤكد,CUST-00332,العميل رقم 332,+967771000332,client_332@example.com,صنعاء,السبعين,سريع,2000.0,كاش,تم الدفع,8000.0,YER,10000.0,"[{""sku"":""SKU-1"",""name"":""Product A"",""qty"":2,""unit_price"":4000.0,""total"":8000.0}]"
ORD-CLN-00333,2026-08-20T10:00:00,مؤكد,CUST-00333,العميل رقم 333,+967771000333,client_333@example.com,صنعاء,السبعين,سريع,2000.0,كاش,تم الدفع,8000.0,YER,10000.0,"[{""sku"":""SKU-1"",""name"":""Product A"",""qty"":2,""unit_price"":4000.0,""total"":8000.0}]"
ORD-CLN-00334,2026-08-20T10:00:00,مؤكد,CUST-00334,العميل رقم 334,+967771000334,client_334@example.com,صنعاء,السبعين,سريع,2000.0,كاش,تم الدفع,8000.0,YER,10000.0,"[{""sku"":""SKU-1"",""name"":""Product A"",""qty"":2,""unit_price"":4000.0,""total"":8000.0}]"
ORD-CLN-00335,2026-08-20T10:00:00,مؤكد,CUST-00335,العميل رقم 335,+967771000335,client_335@example.com,صنعاء,السبعين,سريع,2000.0,كاش,تم الدفع,8000.0,YER,10000.0,"[{""sku"":""SKU-1"",""name"":""Product A"",""qty"":2,""unit_price"":4000.0,""total"":8000.0}]"
ORD-CLN-00336,2026-08-20T10:00:00,مؤكد,CUST-00336,العميل رقم 336,+967771000336,client_336@example.com,صنعاء,السبعين,سريع,2000.0,كاش,تم الدفع,8000.0,YER,10000.0,"[{""sku"":""SKU-1"",""name"":""Product A"",""qty"":2,""unit_price"":4000.0,""total"":8000.0}]"
ORD-CLN-00337,2026-08-20T10:00:00,مؤكد,CUST-00337,العميل رقم 337,+967771000337,client_337@example.com,صنعاء,السبعين,سريع,2000.0,كاش,تم الدفع,8000.0,YER,10000.0,"[{""sku"":""SKU-1"",""name"":""Product A"",""qty"":2,""unit_price"":4000.0,""total"":8000.0}]"
ORD-CLN-00338,2026-08-20T10:00:00,مؤكد,CUST-00338,العميل رقم 338,+967771000338,client_338@example.com,صنعاء,السبعين,سريع,2000.0,كاش,تم الدفع,8000.0,YER,10000.0,"[{""sku"":""SKU-1"",""name"":""Product A"",""qty"":2,""unit_price"":4000.0,""total"":8000.0}]"
ORD-CLN-00339,2026-08-20T10:00:00,مؤكد,CUST-00339,العميل رقم 339,+967771000339,client_339@example.com,صنعاء,السبعين,سريع,2000.0,كاش,تم الدفع,8000.0,YER,10000.0,"[{""sku"":""SKU-1"",""name"":""Product A"",""qty"":2,""unit_price"":4000.0,""total"":8000.0}]"
ORD-CLN-00340,2026-08-20T10:00:00,مؤكد,CUST-00340,العميل رقم 340,+967771000340,client_340@example.com,صنعاء,السبعين,سريع,2000.0,كاش,تم الدفع,8000.0,YER,10000.0,"[{""sku"":""SKU-1"",""name"":""Product A"",""qty"":2,""unit_price"":4000.0,""total"":8000.0}]"
ORD-CLN-00341,2026-08-20T10:00:00,مؤكد,CUST-00341,العميل رقم 341,+967771000341,client_341@example.com,صنعاء,السبعين,سريع,2000.0,كاش,تم الدفع,8000.0,YER,10000.0,"[{""sku"":""SKU-1"",""name"":""Product A"",""qty"":2,""unit_price"":4000.0,""total"":8000.0}]"
ORD-CLN-00342,2026-08-20T10:00:00,مؤكد,CUST-00342,العميل رقم 342,+967771000342,client_342@example.com,صنعاء,السبعين,سريع,2000.0,كاش,تم الدفع,8000.0,YER,10000.0,"[{""sku"":""SKU-1"",""name"":""Product A"",""qty"":2,""unit_price"":4000.0,""total"":8000.0}]"
ORD-CLN-00343,2026-08-20T10:00:00,مؤكد,CUST-00343,العميل رقم 343,+967771000343,client_343@example.com,صنعاء,السبعين,سريع,2000.0,كاش,تم الدفع,8000.0,YER,10000.0,"[{""sku"":""SKU-1"",""name"":""Product A"",""qty"":2,""unit_price"":4000.0,""total"":8000.0}]"
ORD-CLN-00344,2026-08-20T10:00:00,مؤكد,CUST-00344,العميل رقم 344,+967771000344,client_344@example.com,صنعاء,السبعين,سريع,2000.0,كاش,تم الدفع,8000.0,YER,10000.0,"[{""sku"":""SKU-1"",""name"":""Product A"",""qty"":2,""unit_price"":4000.0,""total"":8000.0}]"
ORD-CLN-00345,2026-08-20T10:00:00,مؤكد,CUST-00345,العميل رقم 345,+967771000345,client_345@example.com,صنعاء,السبعين,سريع,2000.0,كاش,تم الدفع,8000.0,YER,10000.0,"[{""sku"":""SKU-1"",""name"":""Product A"",""qty"":2,""unit_price"":4000.0,""total"":8000.0}]"
ORD-CLN-00346,2026-08-20T10:00:00,مؤكد,CUST-00346,العميل رقم 346,+967771000346,client_346@example.com,صنعاء,السبعين,سريع,2000.0,كاش,تم الدفع,8000.0,YER,10000.0,"[{""sku"":""SKU-1"",""name"":""Product A"",""qty"":2,""unit_price"":4000.0,""total"":8000.0}]"
ORD-CLN-00347,2026-08-20T10:00:00,مؤكد,CUST-00347,العميل رقم 347,+967771000347,client_347@example.com,صنعاء,السبعين,سريع,2000.0,كاش,تم الدفع,8000.0,YER,10000.0,"[{""sku"":""SKU-1"",""name"":""Product A"",""qty"":2,""unit_price"":4000.0,""total"":8000.0}]"
ORD-CLN-00348,2026-08-20T10:00:00,مؤكد,CUST-00348,العميل رقم 348,+967771000348,client_348@example.com,صنعاء,السبعين,سريع,2000.0,كاش,تم الدفع,8000.0,YER,10000.0,"[{""sku"":""SKU-1"",""name"":""Product A"",""qty"":2,""unit_price"":4000.0,""total"":8000.0}]"
ORD-CLN-00349,2026-08-20T10:00:00,مؤكد,CUST-00349,العميل رقم 349,+967771000349,client_349@example.com,صنعاء,السبعين,سريع,2000.0,كاش,تم الدفع,8000.0,YER,10000.0,"[{""sku"":""SKU-1"",""name"":""Product A"",""qty"":2,""unit_price"":4000.0,""total"":8000.0}]"
ORD-CLN-00350,2026-08-20T10:00:00,مؤكد,CUST-00350,العميل رقم 350,+967771000350,client_350@example.com,صنعاء,السبعين,سريع,2000.0,كاش,تم الدفع,8000.0,YER,10000.0,"[{""sku"":""SKU-1"",""name"":""Product A"",""qty"":2,""unit_price"":4000.0,""total"":8000.0}]"
ORD-CLN-00351,2026-08-20T10:00:00,مؤكد,CUST-00351,العميل رقم 351,+967771000351,client_351@example.com,صنعاء,السبعين,سريع,2000.0,كاش,تم الدفع,8000.0,YER,10000.0,"[{""sku"":""SKU-1"",""name"":""Product A"",""qty"":2,""unit_price"":4000.0,""total"":8000.0}]"
ORD-CLN-00352,2026-08-20T10:00:00,مؤكد,CUST-00352,العميل رقم 352,+967771000352,client_352@example.com,صنعاء,السبعين,سريع,2000.0,كاش,تم الدفع,8000.0,YER,10000.0,"[{""sku"":""SKU-1"",""name"":""Product A"",""qty"":2,""unit_price"":4000.0,""total"":8000.0}]"
ORD-CLN-00353,2026-08-20T10:00:00,مؤكد,CUST-00353,العميل رقم 353,+967771000353,client_353@example.com,صنعاء,السبعين,سريع,2000.0,كاش,تم الدفع,8000.0,YER,10000.0,"[{""sku"":""SKU-1"",""name"":""Product A"",""qty"":2,""unit_price"":4000.0,""total"":8000.0}]"
ORD-CLN-00354,2026-08-20T10:00:00,مؤكد,CUST-00354,العميل رقم 354,+967771000354,client_354@example.com,صنعاء,السبعين,سريع,2000.0,كاش,تم الدفع,8000.0,YER,10000.0,"[{""sku"":""SKU-1"",""name"":""Product A"",""qty"":2,""unit_price"":4000.0,""total"":8000.0}]"
ORD-CLN-00355,2026-08-20T10:00:00,مؤكد,CUST-00355,العميل رقم 355,+967771000355,client_355@example.com,صنعاء,السبعين,سريع,2000.0,كاش,تم الدفع,8000.0,YER,10000.0,"[{""sku"":""SKU-1"",""name"":""Product A"",""qty"":2,""unit_price"":4000.0,""total"":8000.0}]"
ORD-CLN-00356,2026-08-20T10:00:00,مؤكد,CUST-00356,العميل رقم 356,+967771000356,client_356@example.com,صنعاء,السبعين,سريع,2000.0,كاش,تم الدفع,8000.0,YER,10000.0,"[{""sku"":""SKU-1"",""name"":""Product A"",""qty"":2,""unit_price"":4000.0,""total"":8000.0}]"
ORD-CLN-00357,2026-08-20T10:00:00,مؤكد,CUST-00357,العميل رقم 357,+967771000357,client_357@example.com,صنعاء,السبعين,سريع,2000.0,كاش,تم الدفع,8000.0,YER,10000.0,"[{""sku"":""SKU-1"",""name"":""Product A"",""qty"":2,""unit_price"":4000.0,""total"":8000.0}]"
ORD-CLN-00358,2026-08-20T10:00:00,مؤكد,CUST-00358,العميل رقم 358,+967771000358,client_358@example.com,صنعاء,السبعين,سريع,2000.0,كاش,تم الدفع,8000.0,YER,10000.0,"[{""sku"":""SKU-1"",""name"":""Product A"",""qty"":2,""unit_price"":4000.0,""total"":8000.0}]"
ORD-CLN-00359,2026-08-20T10:00:00,مؤكد,CUST-00359,العميل رقم 359,+967771000359,client_359@example.com,صنعاء,السبعين,سريع,2000.0,كاش,تم الدفع,8000.0,YER,10000.0,"[{""sku"":""SKU-1"",""name"":""Product A"",""qty"":2,""unit_price"":4000.0,""total"":8000.0}]"
ORD-CLN-00360,2026-08-20T10:00:00,مؤكد,CUST-00360,العميل رقم 360,+967771000360,client_360@example.com,صنعاء,السبعين,سريع,2000.0,كاش,تم الدفع,8000.0,YER,10000.0,"[{""sku"":""SKU-1"",""name"":""Product A"",""qty"":2,""unit_price"":4000.0,""total"":8000.0}]"
ORD-CLN-00361,2026-08-20T10:00:00,مؤكد,CUST-00361,العميل رقم 361,+967771000361,client_361@example.com,صنعاء,السبعين,سريع,2000.0,كاش,تم الدفع,8000.0,YER,10000.0,"[{""sku"":""SKU-1"",""name"":""Product A"",""qty"":2,""unit_price"":4000.0,""total"":8000.0}]"
ORD-CLN-00362,2026-08-20T10:00:00,مؤكد,CUST-00362,العميل رقم 362,+967771000362,client_362@example.com,صنعاء,السبعين,سريع,2000.0,كاش,تم الدفع,8000.0,YER,10000.0,"[{""sku"":""SKU-1"",""name"":""Product A"",""qty"":2,""unit_price"":4000.0,""total"":8000.0}]"
ORD-CLN-00363,2026-08-20T10:00:00,مؤكد,CUST-00363,العميل رقم 363,+967771000363,client_363@example.com,صنعاء,السبعين,سريع,2000.0,كاش,تم الدفع,8000.0,YER,10000.0,"[{""sku"":""SKU-1"",""name"":""Product A"",""qty"":2,""unit_price"":4000.0,""total"":8000.0}]"
ORD-CLN-00364,2026-08-20T10:00:00,مؤكد,CUST-00364,العميل رقم 364,+967771000364,client_364@example.com,صنعاء,السبعين,سريع,2000.0,كاش,تم الدفع,8000.0,YER,10000.0,"[{""sku"":""SKU-1"",""name"":""Product A"",""qty"":2,""unit_price"":4000.0,""total"":8000.0}]"
ORD-CLN-00365,2026-08-20T10:00:00,مؤكد,CUST-00365,العميل رقم 365,+967771000365,client_365@example.com,صنعاء,السبعين,سريع,2000.0,كاش,تم الدفع,8000.0,YER,10000.0,"[{""sku"":""SKU-1"",""name"":""Product A"",""qty"":2,""unit_price"":4000.0,""total"":8000.0}]"
ORD-CLN-00366,2026-08-20T10:00:00,مؤكد,CUST-00366,العميل رقم 366,+967771000366,client_366@example.com,صنعاء,السبعين,سريع,2000.0,كاش,تم الدفع,8000.0,YER,10000.0,"[{""sku"":""SKU-1"",""name"":""Product A"",""qty"":2,""unit_price"":4000.0,""total"":8000.0}]"
ORD-CLN-00367,2026-08-20T10:00:00,مؤكد,CUST-00367,العميل رقم 367,+967771000367,client_367@example.com,صنعاء,السبعين,سريع,2000.0,كاش,تم الدفع,8000.0,YER,10000.0,"[{""sku"":""SKU-1"",""name"":""Product A"",""qty"":2,""unit_price"":4000.0,""total"":8000.0}]"
ORD-CLN-00368,2026-08-20T10:00:00,مؤكد,CUST-00368,العميل رقم 368,+967771000368,client_368@example.com,صنعاء,السبعين,سريع,2000.0,كاش,تم الدفع,8000.0,YER,10000.0,"[{""sku"":""SKU-1"",""name"":""Product A"",""qty"":2,""unit_price"":4000.0,""total"":8000.0}]"
ORD-CLN-00369,2026-08-20T10:00:00,مؤكد,CUST-00369,العميل رقم 369,+967771000369,client_369@example.com,صنعاء,السبعين,سريع,2000.0,كاش,تم الدفع,8000.0,YER,10000.0,"[{""sku"":""SKU-1"",""name"":""Product A"",""qty"":2,""unit_price"":4000.0,""total"":8000.0}]"
ORD-CLN-00370,2026-08-20T10:00:00,مؤكد,CUST-00370,العميل رقم 370,+967771000370,client_370@example.com,صنعاء,السبعين,سريع,2000.0,كاش,تم الدفع,8000.0,YER,10000.0,"[{""sku"":""SKU-1"",""name"":""Product A"",""qty"":2,""unit_price"":4000.0,""total"":8000.0}]"
ORD-CLN-00371,2026-08-20T10:00:00,مؤكد,CUST-00371,العميل رقم 371,+967771000371,client_371@example.com,صنعاء,السبعين,سريع,2000.0,كاش,تم الدفع,8000.0,YER,10000.0,"[{""sku"":""SKU-1"",""name"":""Product A"",""qty"":2,""unit_price"":4000.0,""total"":8000.0}]"
ORD-CLN-00372,2026-08-20T10:00:00,مؤكد,CUST-00372,العميل رقم 372,+967771000372,client_372@example.com,صنعاء,السبعين,سريع,2000.0,كاش,تم الدفع,8000.0,YER,10000.0,"[{""sku"":""SKU-1"",""name"":""Product A"",""qty"":2,""unit_price"":4000.0,""total"":8000.0}]"
ORD-CLN-00373,2026-08-20T10:00:00,مؤكد,CUST-00373,العميل رقم 373,+967771000373,client_373@example.com,صنعاء,السبعين,سريع,2000.0,كاش,تم الدفع,8000.0,YER,10000.0,"[{""sku"":""SKU-1"",""name"":""Product A"",""qty"":2,""unit_price"":4000.0,""total"":8000.0}]"
ORD-CLN-00374,2026-08-20T10:00:00,مؤكد,CUST-00374,العميل رقم 374,+967771000374,client_374@example.com,صنعاء,السبعين,سريع,2000.0,كاش,تم الدفع,8000.0,YER,10000.0,"[{""sku"":""SKU-1"",""name"":""Product A"",""qty"":2,""unit_price"":4000.0,""total"":8000.0}]"
ORD-CLN-00375,2026-08-20T10:00:00,مؤكد,CUST-00375,العميل رقم 375,+967771000375,client_375@example.com,صنعاء,السبعين,سريع,2000.0,كاش,تم الدفع,8000.0,YER,10000.0,"[{""sku"":""SKU-1"",""name"":""Product A"",""qty"":2,""unit_price"":4000.0,""total"":8000.0}]"
ORD-CLN-00376,2026-08-20T10:00:00,مؤكد,CUST-00376,العميل رقم 376,+967771000376,client_376@example.com,صنعاء,السبعين,سريع,2000.0,كاش,تم الدفع,8000.0,YER,10000.0,"[{""sku"":""SKU-1"",""name"":""Product A"",""qty"":2,""unit_price"":4000.0,""total"":8000.0}]"
ORD-CLN-00377,2026-08-20T10:00:00,مؤكد,CUST-00377,العميل رقم 377,+967771000377,client_377@example.com,صنعاء,السبعين,سريع,2000.0,كاش,تم الدفع,8000.0,YER,10000.0,"[{""sku"":""SKU-1"",""name"":""Product A"",""qty"":2,""unit_price"":4000.0,""total"":8000.0}]"
ORD-CLN-00378,2026-08-20T10:00:00,مؤكد,CUST-00378,العميل رقم 378,+967771000378,client_378@example.com,صنعاء,السبعين,سريع,2000.0,كاش,تم الدفع,8000.0,YER,10000.0,"[{""sku"":""SKU-1"",""name"":""Product A"",""qty"":2,""unit_price"":4000.0,""total"":8000.0}]"
ORD-CLN-00379,2026-08-20T10:00:00,مؤكد,CUST-00379,العميل رقم 379,+967771000379,client_379@example.com,صنعاء,السبعين,سريع,2000.0,كاش,تم الدفع,8000.0,YER,10000.0,"[{""sku"":""SKU-1"",""name"":""Product A"",""qty"":2,""unit_price"":4000.0,""total"":8000.0}]"
ORD-CLN-00380,2026-08-20T10:00:00,مؤكد,CUST-00380,العميل رقم 380,+967771000380,client_380@example.com,صنعاء,السبعين,سريع,2000.0,كاش,تم الدفع,8000.0,YER,10000.0,"[{""sku"":""SKU-1"",""name"":""Product A"",""qty"":2,""unit_price"":4000.0,""total"":8000.0}]"
ORD-CLN-00381,2026-08-20T10:00:00,مؤكد,CUST-00381,العميل رقم 381,+967771000381,client_381@example.com,صنعاء,السبعين,سريع,2000.0,كاش,تم الدفع,8000.0,YER,10000.0,"[{""sku"":""SKU-1"",""name"":""Product A"",""qty"":2,""unit_price"":4000.0,""total"":8000.0}]"
ORD-CLN-00382,2026-08-20T10:00:00,مؤكد,CUST-00382,العميل رقم 382,+967771000382,client_382@example.com,صنعاء,السبعين,سريع,2000.0,كاش,تم الدفع,8000.0,YER,10000.0,"[{""sku"":""SKU-1"",""name"":""Product A"",""qty"":2,""unit_price"":4000.0,""total"":8000.0}]"
ORD-CLN-00383,2026-08-20T10:00:00,مؤكد,CUST-00383,العميل رقم 383,+967771000383,client_383@example.com,صنعاء,السبعين,سريع,2000.0,كاش,تم الدفع,8000.0,YER,10000.0,"[{""sku"":""SKU-1"",""name"":""Product A"",""qty"":2,""unit_price"":4000.0,""total"":8000.0}]"
ORD-CLN-00384,2026-08-20T10:00:00,مؤكد,CUST-00384,العميل رقم 384,+967771000384,client_384@example.com,صنعاء,السبعين,سريع,2000.0,كاش,تم الدفع,8000.0,YER,10000.0,"[{""sku"":""SKU-1"",""name"":""Product A"",""qty"":2,""unit_price"":4000.0,""total"":8000.0}]"
ORD-CLN-00385,2026-08-20T10:00:00,مؤكد,CUST-00385,العميل رقم 385,+967771000385,client_385@example.com,صنعاء,السبعين,سريع,2000.0,كاش,تم الدفع,8000.0,YER,10000.0,"[{""sku"":""SKU-1"",""name"":""Product A"",""qty"":2,""unit_price"":4000.0,""total"":8000.0}]"
ORD-CLN-00386,2026-08-20T10:00:00,مؤكد,CUST-00386,العميل رقم 386,+967771000386,client_386@example.com,صنعاء,السبعين,سريع,2000.0,كاش,تم الدفع,8000.0,YER,10000.0,"[{""sku"":""SKU-1"",""name"":""Product A"",""qty"":2,""unit_price"":4000.0,""total"":8000.0}]"
ORD-CLN-00387,2026-08-20T10:00:00,مؤكد,CUST-00387,العميل رقم 387,+967771000387,client_387@example.com,صنعاء,السبعين,سريع,2000.0,كاش,تم الدفع,8000.0,YER,10000.0,"[{""sku"":""SKU-1"",""name"":""Product A"",""qty"":2,""unit_price"":4000.0,""total"":8000.0}]"
ORD-CLN-00388,2026-08-20T10:00:00,مؤكد,CUST-00388,العميل رقم 388,+967771000388,client_388@example.com,صنعاء,السبعين,سريع,2000.0,كاش,تم الدفع,8000.0,YER,10000.0,"[{""sku"":""SKU-1"",""name"":""Product A"",""qty"":2,""unit_price"":4000.0,""total"":8000.0}]"
ORD-CLN-00389,2026-08-20T10:00:00,مؤكد,CUST-00389,العميل رقم 389,+967771000389,client_389@example.com,صنعاء,السبعين,سريع,2000.0,كاش,تم الدفع,8000.0,YER,10000.0,"[{""sku"":""SKU-1"",""name"":""Product A"",""qty"":2,""unit_price"":4000.0,""total"":8000.0}]"
ORD-CLN-00390,2026-08-20T10:00:00,مؤكد,CUST-00390,العميل رقم 390,+967771000390,client_390@example.com,صنعاء,السبعين,سريع,2000.0,كاش,تم الدفع,8000.0,YER,10000.0,"[{""sku"":""SKU-1"",""name"":""Product A"",""qty"":2,""unit_price"":4000.0,""total"":8000.0}]"
ORD-CLN-00391,2026-08-20T10:00:00,مؤكد,CUST-00391,العميل رقم 391,+967771000391,client_391@example.com,صنعاء,السبعين,سريع,2000.0,كاش,تم الدفع,8000.0,YER,10000.0,"[{""sku"":""SKU-1"",""name"":""Product A"",""qty"":2,""unit_price"":4000.0,""total"":8000.0}]"
ORD-CLN-00392,2026-08-20T10:00:00,مؤكد,CUST-00392,العميل رقم 392,+967771000392,client_392@example.com,صنعاء,السبعين,سريع,2000.0,كاش,تم الدفع,8000.0,YER,10000.0,"[{""sku"":""SKU-1"",""name"":""Product A"",""qty"":2,""unit_price"":4000.0,""total"":8000.0}]"
ORD-CLN-00393,2026-08-20T10:00:00,مؤكد,CUST-00393,العميل رقم 393,+967771000393,client_393@example.com,صنعاء,السبعين,سريع,2000.0,كاش,تم الدفع,8000.0,YER,10000.0,"[{""sku"":""SKU-1"",""name"":""Product A"",""qty"":2,""unit_price"":4000.0,""total"":8000.0}]"
ORD-CLN-00394,2026-08-20T10:00:00,مؤكد,CUST-00394,العميل رقم 394,+967771000394,client_394@example.com,صنعاء,السبعين,سريع,2000.0,كاش,تم الدفع,8000.0,YER,10000.0,"[{""sku"":""SKU-1"",""name"":""Product A"",""qty"":2,""unit_price"":4000.0,""total"":8000.0}]"
ORD-CLN-00395,2026-08-20T10:00:00,مؤكد,CUST-00395,العميل رقم 395,+967771000395,client_395@example.com,صنعاء,السبعين,سريع,2000.0,كاش,تم الدفع,8000.0,YER,10000.0,"[{""sku"":""SKU-1"",""name"":""Product A"",""qty"":2,""unit_price"":4000.0,""total"":8000.0}]"
ORD-CLN-00396,2026-08-20T10:00:00,مؤكد,CUST-00396,العميل رقم 396,+967771000396,client_396@example.com,صنعاء,السبعين,سريع,2000.0,كاش,تم الدفع,8000.0,YER,10000.0,"[{""sku"":""SKU-1"",""name"":""Product A"",""qty"":2,""unit_price"":4000.0,""total"":8000.0}]"
ORD-CLN-00397,2026-08-20T10:00:00,مؤكد,CUST-00397,العميل رقم 397,+967771000397,client_397@example.com,صنعاء,السبعين,سريع,2000.0,كاش,تم الدفع,8000.0,YER,10000.0,"[{""sku"":""SKU-1"",""name"":""Product A"",""qty"":2,""unit_price"":4000.0,""total"":8000.0}]"
ORD-CLN-00398,2026-08-20T10:00:00,مؤكد,CUST-00398,العميل رقم 398,+967771000398,client_398@example.com,صنعاء,السبعين,سريع,2000.0,كاش,تم الدفع,8000.0,YER,10000.0,"[{""sku"":""SKU-1"",""name"":""Product A"",""qty"":2,""unit_price"":4000.0,""total"":8000.0}]"
ORD-CLN-00399,2026-08-20T10:00:00,مؤكد,CUST-00399,العميل رقم 399,+967771000399,client_399@example.com,صنعاء,السبعين,سريع,2000.0,كاش,تم الدفع,8000.0,YER,10000.0,"[{""sku"":""SKU-1"",""name"":""Product A"",""qty"":2,""unit_price"":4000.0,""total"":8000.0}]"
ORD-CLN-00400,2026-08-20T10:00:00,مؤكد,CUST-00400,العميل رقم 400,+967771000400,client_400@example.com,صنعاء,السبعين,سريع,2000.0,كاش,تم الدفع,8000.0,YER,10000.0,"[{""sku"":""SKU-1"",""name"":""Product A"",""qty"":2,""unit_price"":4000.0,""total"":8000.0}]"
ORD-CLN-00401,2026-08-20T10:00:00,مؤكد,CUST-00401,العميل رقم 401,+967771000401,client_401@example.com,صنعاء,السبعين,سريع,2000.0,كاش,تم الدفع,8000.0,YER,10000.0,"[{""sku"":""SKU-1"",""name"":""Product A"",""qty"":2,""unit_price"":4000.0,""total"":8000.0}]"
ORD-CLN-00402,2026-08-20T10:00:00,مؤكد,CUST-00402,العميل رقم 402,+967771000402,client_402@example.com,صنعاء,السبعين,سريع,2000.0,كاش,تم الدفع,8000.0,YER,10000.0,"[{""sku"":""SKU-1"",""name"":""Product A"",""qty"":2,""unit_price"":4000.0,""total"":8000.0}]"
ORD-CLN-00403,2026-08-20T10:00:00,مؤكد,CUST-00403,العميل رقم 403,+967771000403,client_403@example.com,صنعاء,السبعين,سريع,2000.0,كاش,تم الدفع,8000.0,YER,10000.0,"[{""sku"":""SKU-1"",""name"":""Product A"",""qty"":2,""unit_price"":4000.0,""total"":8000.0}]"
ORD-CLN-00404,2026-08-20T10:00:00,مؤكد,CUST-00404,العميل رقم 404,+967771000404,client_404@example.com,صنعاء,السبعين,سريع,2000.0,كاش,تم الدفع,8000.0,YER,10000.0,"[{""sku"":""SKU-1"",""name"":""Product A"",""qty"":2,""unit_price"":4000.0,""total"":8000.0}]"
ORD-CLN-00405,2026-08-20T10:00:00,مؤكد,CUST-00405,العميل رقم 405,+967771000405,client_405@example.com,صنعاء,السبعين,سريع,2000.0,كاش,تم الدفع,8000.0,YER,10000.0,"[{""sku"":""SKU-1"",""name"":""Product A"",""qty"":2,""unit_price"":4000.0,""total"":8000.0}]"
ORD-CLN-00406,2026-08-20T10:00:00,مؤكد,CUST-00406,العميل رقم 406,+967771000406,client_406@example.com,صنعاء,السبعين,سريع,2000.0,كاش,تم الدفع,8000.0,YER,10000.0,"[{""sku"":""SKU-1"",""name"":""Product A"",""qty"":2,""unit_price"":4000.0,""total"":8000.0}]"
ORD-CLN-00407,2026-08-20T10:00:00,مؤكد,CUST-00407,العميل رقم 407,+967771000407,client_407@example.com,صنعاء,السبعين,سريع,2000.0,كاش,تم الدفع,8000.0,YER,10000.0,"[{""sku"":""SKU-1"",""name"":""Product A"",""qty"":2,""unit_price"":4000.0,""total"":8000.0}]"
ORD-CLN-00408,2026-08-20T10:00:00,مؤكد,CUST-00408,العميل رقم 408,+967771000408,client_408@example.com,صنعاء,السبعين,سريع,2000.0,كاش,تم الدفع,8000.0,YER,10000.0,"[{""sku"":""SKU-1"",""name"":""Product A"",""qty"":2,""unit_price"":4000.0,""total"":8000.0}]"
ORD-CLN-00409,2026-08-20T10:00:00,مؤكد,CUST-00409,العميل رقم 409,+967771000409,client_409@example.com,صنعاء,السبعين,سريع,2000.0,كاش,تم الدفع,8000.0,YER,10000.0,"[{""sku"":""SKU-1"",""name"":""Product A"",""qty"":2,""unit_price"":4000.0,""total"":8000.0}]"
ORD-CLN-00410,2026-08-20T10:00:00,مؤكد,CUST-00410,العميل رقم 410,+967771000410,client_410@example.com,صنعاء,السبعين,سريع,2000.0,كاش,تم الدفع,8000.0,YER,10000.0,"[{""sku"":""SKU-1"",""name"":""Product A"",""qty"":2,""unit_price"":4000.0,""total"":8000.0}]"
ORD-CLN-00411,2026-08-20T10:00:00,مؤكد,CUST-00411,العميل رقم 411,+967771000411,client_411@example.com,صنعاء,السبعين,سريع,2000.0,كاش,تم الدفع,8000.0,YER,10000.0,"[{""sku"":""SKU-1"",""name"":""Product A"",""qty"":2,""unit_price"":4000.0,""total"":8000.0}]"
ORD-CLN-00412,2026-08-20T10:00:00,مؤكد,CUST-00412,العميل رقم 412,+967771000412,client_412@example.com,صنعاء,السبعين,سريع,2000.0,كاش,تم الدفع,8000.0,YER,10000.0,"[{""sku"":""SKU-1"",""name"":""Product A"",""qty"":2,""unit_price"":4000.0,""total"":8000.0}]"
ORD-CLN-00413,2026-08-20T10:00:00,مؤكد,CUST-00413,العميل رقم 413,+967771000413,client_413@example.com,صنعاء,السبعين,سريع,2000.0,كاش,تم الدفع,8000.0,YER,10000.0,"[{""sku"":""SKU-1"",""name"":""Product A"",""qty"":2,""unit_price"":4000.0,""total"":8000.0}]"
ORD-CLN-00414,2026-08-20T10:00:00,مؤكد,CUST-00414,العميل رقم 414,+967771000414,client_414@example.com,صنعاء,السبعين,سريع,2000.0,كاش,تم الدفع,8000.0,YER,10000.0,"[{""sku"":""SKU-1"",""name"":""Product A"",""qty"":2,""unit_price"":4000.0,""total"":8000.0}]"
ORD-CLN-00415,2026-08-20T10:00:00,مؤكد,CUST-00415,العميل رقم 415,+967771000415,client_415@example.com,صنعاء,السبعين,سريع,2000.0,كاش,تم الدفع,8000.0,YER,10000.0,"[{""sku"":""SKU-1"",""name"":""Product A"",""qty"":2,""unit_price"":4000.0,""total"":8000.0}]"
ORD-CLN-00416,2026-08-20T10:00:00,مؤكد,CUST-00416,العميل رقم 416,+967771000416,client_416@example.com,صنعاء,السبعين,سريع,2000.0,كاش,تم الدفع,8000.0,YER,10000.0,"[{""sku"":""SKU-1"",""name"":""Product A"",""qty"":2,""unit_price"":4000.0,""total"":8000.0}]"
ORD-CLN-00417,2026-08-20T10:00:00,مؤكد,CUST-00417,العميل رقم 417,+967771000417,client_417@example.com,صنعاء,السبعين,سريع,2000.0,كاش,تم الدفع,8000.0,YER,10000.0,"[{""sku"":""SKU-1"",""name"":""Product A"",""qty"":2,""unit_price"":4000.0,""total"":8000.0}]"
ORD-CLN-00418,2026-08-20T10:00:00,مؤكد,CUST-00418,العميل رقم 418,+967771000418,client_418@example.com,صنعاء,السبعين,سريع,2000.0,كاش,تم الدفع,8000.0,YER,10000.0,"[{""sku"":""SKU-1"",""name"":""Product A"",""qty"":2,""unit_price"":4000.0,""total"":8000.0}]"
ORD-CLN-00419,2026-08-20T10:00:00,مؤكد,CUST-00419,العميل رقم 419,+967771000419,client_419@example.com,صنعاء,السبعين,سريع,2000.0,كاش,تم الدفع,8000.0,YER,10000.0,"[{""sku"":""SKU-1"",""name"":""Product A"",""qty"":2,""unit_price"":4000.0,""total"":8000.0}]"
ORD-CLN-00420,2026-08-20T10:00:00,مؤكد,CUST-00420,العميل رقم 420,+967771000420,client_420@example.com,صنعاء,السبعين,سريع,2000.0,كاش,تم الدفع,8000.0,YER,10000.0,"[{""sku"":""SKU-1"",""name"":""Product A"",""qty"":2,""unit_price"":4000.0,""total"":8000.0}]"
ORD-CLN-00421,2026-08-20T10:00:00,مؤكد,CUST-00421,العميل رقم 421,+967771000421,client_421@example.com,صنعاء,السبعين,سريع,2000.0,كاش,تم الدفع,8000.0,YER,10000.0,"[{""sku"":""SKU-1"",""name"":""Product A"",""qty"":2,""unit_price"":4000.0,""total"":8000.0}]"
ORD-CLN-00422,2026-08-20T10:00:00,مؤكد,CUST-00422,العميل رقم 422,+967771000422,client_422@example.com,صنعاء,السبعين,سريع,2000.0,كاش,تم الدفع,8000.0,YER,10000.0,"[{""sku"":""SKU-1"",""name"":""Product A"",""qty"":2,""unit_price"":4000.0,""total"":8000.0}]"
ORD-CLN-00423,2026-08-20T10:00:00,مؤكد,CUST-00423,العميل رقم 423,+967771000423,client_423@example.com,صنعاء,السبعين,سريع,2000.0,كاش,تم الدفع,8000.0,YER,10000.0,"[{""sku"":""SKU-1"",""name"":""Product A"",""qty"":2,""unit_price"":4000.0,""total"":8000.0}]"
ORD-CLN-00424,2026-08-20T10:00:00,مؤكد,CUST-00424,العميل رقم 424,+967771000424,client_424@example.com,صنعاء,السبعين,سريع,2000.0,كاش,تم الدفع,8000.0,YER,10000.0,"[{""sku"":""SKU-1"",""name"":""Product A"",""qty"":2,""unit_price"":4000.0,""total"":8000.0}]"
ORD-CLN-00425,2026-08-20T10:00:00,مؤكد,CUST-00425,العميل رقم 425,+967771000425,client_425@example.com,صنعاء,السبعين,سريع,2000.0,كاش,تم الدفع,8000.0,YER,10000.0,"[{""sku"":""SKU-1"",""name"":""Product A"",""qty"":2,""unit_price"":4000.0,""total"":8000.0}]"
ORD-CLN-00426,2026-08-20T10:00:00,مؤكد,CUST-00426,العميل رقم 426,+967771000426,client_426@example.com,صنعاء,السبعين,سريع,2000.0,كاش,تم الدفع,8000.0,YER,10000.0,"[{""sku"":""SKU-1"",""name"":""Product A"",""qty"":2,""unit_price"":4000.0,""total"":8000.0}]"
ORD-CLN-00427,2026-08-20T10:00:00,مؤكد,CUST-00427,العميل رقم 427,+967771000427,client_427@example.com,صنعاء,السبعين,سريع,2000.0,كاش,تم الدفع,8000.0,YER,10000.0,"[{""sku"":""SKU-1"",""name"":""Product A"",""qty"":2,""unit_price"":4000.0,""total"":8000.0}]"
ORD-CLN-00428,2026-08-20T10:00:00,مؤكد,CUST-00428,العميل رقم 428,+967771000428,client_428@example.com,صنعاء,السبعين,سريع,2000.0,كاش,تم الدفع,8000.0,YER,10000.0,"[{""sku"":""SKU-1"",""name"":""Product A"",""qty"":2,""unit_price"":4000.0,""total"":8000.0}]"
ORD-CLN-00429,2026-08-20T10:00:00,مؤكد,CUST-00429,العميل رقم 429,+967771000429,client_429@example.com,صنعاء,السبعين,سريع,2000.0,كاش,تم الدفع,8000.0,YER,10000.0,"[{""sku"":""SKU-1"",""name"":""Product A"",""qty"":2,""unit_price"":4000.0,""total"":8000.0}]"
ORD-CLN-00430,2026-08-20T10:00:00,مؤكد,CUST-00430,العميل رقم 430,+967771000430,client_430@example.com,صنعاء,السبعين,سريع,2000.0,كاش,تم الدفع,8000.0,YER,10000.0,"[{""sku"":""SKU-1"",""name"":""Product A"",""qty"":2,""unit_price"":4000.0,""total"":8000.0}]"
ORD-CLN-00431,2026-08-20T10:00:00,مؤكد,CUST-00431,العميل رقم 431,+967771000431,client_431@example.com,صنعاء,السبعين,سريع,2000.0,كاش,تم الدفع,8000.0,YER,10000.0,"[{""sku"":""SKU-1"",""name"":""Product A"",""qty"":2,""unit_price"":4000.0,""total"":8000.0}]"
ORD-CLN-00432,2026-08-20T10:00:00,مؤكد,CUST-00432,العميل رقم 432,+967771000432,client_432@example.com,صنعاء,السبعين,سريع,2000.0,كاش,تم الدفع,8000.0,YER,10000.0,"[{""sku"":""SKU-1"",""name"":""Product A"",""qty"":2,""unit_price"":4000.0,""total"":8000.0}]"
ORD-CLN-00433,2026-08-20T10:00:00,مؤكد,CUST-00433,العميل رقم 433,+967771000433,client_433@example.com,صنعاء,السبعين,سريع,2000.0,كاش,تم الدفع,8000.0,YER,10000.0,"[{""sku"":""SKU-1"",""name"":""Product A"",""qty"":2,""unit_price"":4000.0,""total"":8000.0}]"
ORD-CLN-00434,2026-08-20T10:00:00,مؤكد,CUST-00434,العميل رقم 434,+967771000434,client_434@example.com,صنعاء,السبعين,سريع,2000.0,كاش,تم الدفع,8000.0,YER,10000.0,"[{""sku"":""SKU-1"",""name"":""Product A"",""qty"":2,""unit_price"":4000.0,""total"":8000.0}]"
ORD-CLN-00435,2026-08-20T10:00:00,مؤكد,CUST-00435,العميل رقم 435,+967771000435,client_435@example.com,صنعاء,السبعين,سريع,2000.0,كاش,تم الدفع,8000.0,YER,10000.0,"[{""sku"":""SKU-1"",""name"":""Product A"",""qty"":2,""unit_price"":4000.0,""total"":8000.0}]"
ORD-CLN-00436,2026-08-20T10:00:00,مؤكد,CUST-00436,العميل رقم 436,+967771000436,client_436@example.com,صنعاء,السبعين,سريع,2000.0,كاش,تم الدفع,8000.0,YER,10000.0,"[{""sku"":""SKU-1"",""name"":""Product A"",""qty"":2,""unit_price"":4000.0,""total"":8000.0}]"
ORD-CLN-00437,2026-08-20T10:00:00,مؤكد,CUST-00437,العميل رقم 437,+967771000437,client_437@example.com,صنعاء,السبعين,سريع,2000.0,كاش,تم الدفع,8000.0,YER,10000.0,"[{""sku"":""SKU-1"",""name"":""Product A"",""qty"":2,""unit_price"":4000.0,""total"":8000.0}]"
ORD-CLN-00438,2026-08-20T10:00:00,مؤكد,CUST-00438,العميل رقم 438,+967771000438,client_438@example.com,صنعاء,السبعين,سريع,2000.0,كاش,تم الدفع,8000.0,YER,10000.0,"[{""sku"":""SKU-1"",""name"":""Product A"",""qty"":2,""unit_price"":4000.0,""total"":8000.0}]"
ORD-CLN-00439,2026-08-20T10:00:00,مؤكد,CUST-00439,العميل رقم 439,+967771000439,client_439@example.com,صنعاء,السبعين,سريع,2000.0,كاش,تم الدفع,8000.0,YER,10000.0,"[{""sku"":""SKU-1"",""name"":""Product A"",""qty"":2,""unit_price"":4000.0,""total"":8000.0}]"
ORD-CLN-00440,2026-08-20T10:00:00,مؤكد,CUST-00440,العميل رقم 440,+967771000440,client_440@example.com,صنعاء,السبعين,سريع,2000.0,كاش,تم الدفع,8000.0,YER,10000.0,"[{""sku"":""SKU-1"",""name"":""Product A"",""qty"":2,""unit_price"":4000.0,""total"":8000.0}]"
ORD-CLN-00441,2026-08-20T10:00:00,مؤكد,CUST-00441,العميل رقم 441,+967771000441,client_441@example.com,صنعاء,السبعين,سريع,2000.0,كاش,تم الدفع,8000.0,YER,10000.0,"[{""sku"":""SKU-1"",""name"":""Product A"",""qty"":2,""unit_price"":4000.0,""total"":8000.0}]"
ORD-CLN-00442,2026-08-20T10:00:00,مؤكد,CUST-00442,العميل رقم 442,+967771000442,client_442@example.com,صنعاء,السبعين,سريع,2000.0,كاش,تم الدفع,8000.0,YER,10000.0,"[{""sku"":""SKU-1"",""name"":""Product A"",""qty"":2,""unit_price"":4000.0,""total"":8000.0}]"
ORD-CLN-00443,2026-08-20T10:00:00,مؤكد,CUST-00443,العميل رقم 443,+967771000443,client_443@example.com,صنعاء,السبعين,سريع,2000.0,كاش,تم الدفع,8000.0,YER,10000.0,"[{""sku"":""SKU-1"",""name"":""Product A"",""qty"":2,""unit_price"":4000.0,""total"":8000.0}]"
ORD-CLN-00444,2026-08-20T10:00:00,مؤكد,CUST-00444,العميل رقم 444,+967771000444,client_444@example.com,صنعاء,السبعين,سريع,2000.0,كاش,تم الدفع,8000.0,YER,10000.0,"[{""sku"":""SKU-1"",""name"":""Product A"",""qty"":2,""unit_price"":4000.0,""total"":8000.0}]"
ORD-CLN-00445,2026-08-20T10:00:00,مؤكد,CUST-00445,العميل رقم 445,+967771000445,client_445@example.com,صنعاء,السبعين,سريع,2000.0,كاش,تم الدفع,8000.0,YER,10000.0,"[{""sku"":""SKU-1"",""name"":""Product A"",""qty"":2,""unit_price"":4000.0,""total"":8000.0}]"
ORD-CLN-00446,2026-08-20T10:00:00,مؤكد,CUST-00446,العميل رقم 446,+967771000446,client_446@example.com,صنعاء,السبعين,سريع,2000.0,كاش,تم الدفع,8000.0,YER,10000.0,"[{""sku"":""SKU-1"",""name"":""Product A"",""qty"":2,""unit_price"":4000.0,""total"":8000.0}]"
ORD-CLN-00447,2026-08-20T10:00:00,مؤكد,CUST-00447,العميل رقم 447,+967771000447,client_447@example.com,صنعاء,السبعين,سريع,2000.0,كاش,تم الدفع,8000.0,YER,10000.0,"[{""sku"":""SKU-1"",""name"":""Product A"",""qty"":2,""unit_price"":4000.0,""total"":8000.0}]"
ORD-CLN-00448,2026-08-20T10:00:00,مؤكد,CUST-00448,العميل رقم 448,+967771000448,client_448@example.com,صنعاء,السبعين,سريع,2000.0,كاش,تم الدفع,8000.0,YER,10000.0,"[{""sku"":""SKU-1"",""name"":""Product A"",""qty"":2,""unit_price"":4000.0,""total"":8000.0}]"
ORD-CLN-00449,2026-08-20T10:00:00,مؤكد,CUST-00449,العميل رقم 449,+967771000449,client_449@example.com,صنعاء,السبعين,سريع,2000.0,كاش,تم الدفع,8000.0,YER,10000.0,"[{""sku"":""SKU-1"",""name"":""Product A"",""qty"":2,""unit_price"":4000.0,""total"":8000.0}]"
ORD-CLN-00450,2026-08-20T10:00:00,مؤكد,CUST-00450,العميل رقم 450,+967771000450,client_450@example.com,صنعاء,السبعين,سريع,2000.0,كاش,تم الدفع,8000.0,YER,10000.0,"[{""sku"":""SKU-1"",""name"":""Product A"",""qty"":2,""unit_price"":4000.0,""total"":8000.0}]"
ORD-CLN-00451,2026-08-20T10:00:00,مؤكد,CUST-00451,العميل رقم 451,+967771000451,client_451@example.com,صنعاء,السبعين,سريع,2000.0,كاش,تم الدفع,8000.0,YER,10000.0,"[{""sku"":""SKU-1"",""name"":""Product A"",""qty"":2,""unit_price"":4000.0,""total"":8000.0}]"
ORD-CLN-00452,2026-08-20T10:00:00,مؤكد,CUST-00452,العميل رقم 452,+967771000452,client_452@example.com,صنعاء,السبعين,سريع,2000.0,كاش,تم الدفع,8000.0,YER,10000.0,"[{""sku"":""SKU-1"",""name"":""Product A"",""qty"":2,""unit_price"":4000.0,""total"":8000.0}]"
ORD-CLN-00453,2026-08-20T10:00:00,مؤكد,CUST-00453,العميل رقم 453,+967771000453,client_453@example.com,صنعاء,السبعين,سريع,2000.0,كاش,تم الدفع,8000.0,YER,10000.0,"[{""sku"":""SKU-1"",""name"":""Product A"",""qty"":2,""unit_price"":4000.0,""total"":8000.0}]"
ORD-CLN-00454,2026-08-20T10:00:00,مؤكد,CUST-00454,العميل رقم 454,+967771000454,client_454@example.com,صنعاء,السبعين,سريع,2000.0,كاش,تم الدفع,8000.0,YER,10000.0,"[{""sku"":""SKU-1"",""name"":""Product A"",""qty"":2,""unit_price"":4000.0,""total"":8000.0}]"
ORD-CLN-00455,2026-08-20T10:00:00,مؤكد,CUST-00455,العميل رقم 455,+967771000455,client_455@example.com,صنعاء,السبعين,سريع,2000.0,كاش,تم الدفع,8000.0,YER,10000.0,"[{""sku"":""SKU-1"",""name"":""Product A"",""qty"":2,""unit_price"":4000.0,""total"":8000.0}]"
ORD-CLN-00456,2026-08-20T10:00:00,مؤكد,CUST-00456,العميل رقم 456,+967771000456,client_456@example.com,صنعاء,السبعين,سريع,2000.0,كاش,تم الدفع,8000.0,YER,10000.0,"[{""sku"":""SKU-1"",""name"":""Product A"",""qty"":2,""unit_price"":4000.0,""total"":8000.0}]"
ORD-CLN-00457,2026-08-20T10:00:00,مؤكد,CUST-00457,العميل رقم 457,+967771000457,client_457@example.com,صنعاء,السبعين,سريع,2000.0,كاش,تم الدفع,8000.0,YER,10000.0,"[{""sku"":""SKU-1"",""name"":""Product A"",""qty"":2,""unit_price"":4000.0,""total"":8000.0}]"
ORD-CLN-00458,2026-08-20T10:00:00,مؤكد,CUST-00458,العميل رقم 458,+967771000458,client_458@example.com,صنعاء,السبعين,سريع,2000.0,كاش,تم الدفع,8000.0,YER,10000.0,"[{""sku"":""SKU-1"",""name"":""Product A"",""qty"":2,""unit_price"":4000.0,""total"":8000.0}]"
ORD-CLN-00459,2026-08-20T10:00:00,مؤكد,CUST-00459,العميل رقم 459,+967771000459,client_459@example.com,صنعاء,السبعين,سريع,2000.0,كاش,تم الدفع,8000.0,YER,10000.0,"[{""sku"":""SKU-1"",""name"":""Product A"",""qty"":2,""unit_price"":4000.0,""total"":8000.0}]"
ORD-CLN-00460,2026-08-20T10:00:00,مؤكد,CUST-00460,العميل رقم 460,+967771000460,client_460@example.com,صنعاء,السبعين,سريع,2000.0,كاش,تم الدفع,8000.0,YER,10000.0,"[{""sku"":""SKU-1"",""name"":""Product A"",""qty"":2,""unit_price"":4000.0,""total"":8000.0}]"
ORD-CLN-00461,2026-08-20T10:00:00,مؤكد,CUST-00461,العميل رقم 461,+967771000461,client_461@example.com,صنعاء,السبعين,سريع,2000.0,كاش,تم الدفع,8000.0,YER,10000.0,"[{""sku"":""SKU-1"",""name"":""Product A"",""qty"":2,""unit_price"":4000.0,""total"":8000.0}]"
ORD-CLN-00462,2026-08-20T10:00:00,مؤكد,CUST-00462,العميل رقم 462,+967771000462,client_462@example.com,صنعاء,السبعين,سريع,2000.0,كاش,تم الدفع,8000.0,YER,10000.0,"[{""sku"":""SKU-1"",""name"":""Product A"",""qty"":2,""unit_price"":4000.0,""total"":8000.0}]"
ORD-CLN-00463,2026-08-20T10:00:00,مؤكد,CUST-00463,العميل رقم 463,+967771000463,client_463@example.com,صنعاء,السبعين,سريع,2000.0,كاش,تم الدفع,8000.0,YER,10000.0,"[{""sku"":""SKU-1"",""name"":""Product A"",""qty"":2,""unit_price"":4000.0,""total"":8000.0}]"
ORD-CLN-00464,2026-08-20T10:00:00,مؤكد,CUST-00464,العميل رقم 464,+967771000464,client_464@example.com,صنعاء,السبعين,سريع,2000.0,كاش,تم الدفع,8000.0,YER,10000.0,"[{""sku"":""SKU-1"",""name"":""Product A"",""qty"":2,""unit_price"":4000.0,""total"":8000.0}]"
ORD-CLN-00465,2026-08-20T10:00:00,مؤكد,CUST-00465,العميل رقم 465,+967771000465,client_465@example.com,صنعاء,السبعين,سريع,2000.0,كاش,تم الدفع,8000.0,YER,10000.0,"[{""sku"":""SKU-1"",""name"":""Product A"",""qty"":2,""unit_price"":4000.0,""total"":8000.0}]"
ORD-CLN-00466,2026-08-20T10:00:00,مؤكد,CUST-00466,العميل رقم 466,+967771000466,client_466@example.com,صنعاء,السبعين,سريع,2000.0,كاش,تم الدفع,8000.0,YER,10000.0,"[{""sku"":""SKU-1"",""name"":""Product A"",""qty"":2,""unit_price"":4000.0,""total"":8000.0}]"
ORD-CLN-00467,2026-08-20T10:00:00,مؤكد,CUST-00467,العميل رقم 467,+967771000467,client_467@example.com,صنعاء,السبعين,سريع,2000.0,كاش,تم الدفع,8000.0,YER,10000.0,"[{""sku"":""SKU-1"",""name"":""Product A"",""qty"":2,""unit_price"":4000.0,""total"":8000.0}]"
ORD-CLN-00468,2026-08-20T10:00:00,مؤكد,CUST-00468,العميل رقم 468,+967771000468,client_468@example.com,صنعاء,السبعين,سريع,2000.0,كاش,تم الدفع,8000.0,YER,10000.0,"[{""sku"":""SKU-1"",""name"":""Product A"",""qty"":2,""unit_price"":4000.0,""total"":8000.0}]"
ORD-CLN-00469,2026-08-20T10:00:00,مؤكد,CUST-00469,العميل رقم 469,+967771000469,client_469@example.com,صنعاء,السبعين,سريع,2000.0,كاش,تم الدفع,8000.0,YER,10000.0,"[{""sku"":""SKU-1"",""name"":""Product A"",""qty"":2,""unit_price"":4000.0,""total"":8000.0}]"
ORD-CLN-00470,2026-08-20T10:00:00,مؤكد,CUST-00470,العميل رقم 470,+967771000470,client_470@example.com,صنعاء,السبعين,سريع,2000.0,كاش,تم الدفع,8000.0,YER,10000.0,"[{""sku"":""SKU-1"",""name"":""Product A"",""qty"":2,""unit_price"":4000.0,""total"":8000.0}]"
ORD-CLN-00471,2026-08-20T10:00:00,مؤكد,CUST-00471,العميل رقم 471,+967771000471,client_471@example.com,صنعاء,السبعين,سريع,2000.0,كاش,تم الدفع,8000.0,YER,10000.0,"[{""sku"":""SKU-1"",""name"":""Product A"",""qty"":2,""unit_price"":4000.0,""total"":8000.0}]"
ORD-CLN-00472,2026-08-20T10:00:00,مؤكد,CUST-00472,العميل رقم 472,+967771000472,client_472@example.com,صنعاء,السبعين,سريع,2000.0,كاش,تم الدفع,8000.0,YER,10000.0,"[{""sku"":""SKU-1"",""name"":""Product A"",""qty"":2,""unit_price"":4000.0,""total"":8000.0}]"
ORD-CLN-00473,2026-08-20T10:00:00,مؤكد,CUST-00473,العميل رقم 473,+967771000473,client_473@example.com,صنعاء,السبعين,سريع,2000.0,كاش,تم الدفع,8000.0,YER,10000.0,"[{""sku"":""SKU-1"",""name"":""Product A"",""qty"":2,""unit_price"":4000.0,""total"":8000.0}]"
ORD-CLN-00474,2026-08-20T10:00:00,مؤكد,CUST-00474,العميل رقم 474,+967771000474,client_474@example.com,صنعاء,السبعين,سريع,2000.0,كاش,تم الدفع,8000.0,YER,10000.0,"[{""sku"":""SKU-1"",""name"":""Product A"",""qty"":2,""unit_price"":4000.0,""total"":8000.0}]"
ORD-CLN-00475,2026-08-20T10:00:00,مؤكد,CUST-00475,العميل رقم 475,+967771000475,client_475@example.com,صنعاء,السبعين,سريع,2000.0,كاش,تم الدفع,8000.0,YER,10000.0,"[{""sku"":""SKU-1"",""name"":""Product A"",""qty"":2,""unit_price"":4000.0,""total"":8000.0}]"
ORD-CLN-00476,2026-08-20T10:00:00,مؤكد,CUST-00476,العميل رقم 476,+967771000476,client_476@example.com,صنعاء,السبعين,سريع,2000.0,كاش,تم الدفع,8000.0,YER,10000.0,"[{""sku"":""SKU-1"",""name"":""Product A"",""qty"":2,""unit_price"":4000.0,""total"":8000.0}]"
ORD-CLN-00477,2026-08-20T10:00:00,مؤكد,CUST-00477,العميل رقم 477,+967771000477,client_477@example.com,صنعاء,السبعين,سريع,2000.0,كاش,تم الدفع,8000.0,YER,10000.0,"[{""sku"":""SKU-1"",""name"":""Product A"",""qty"":2,""unit_price"":4000.0,""total"":8000.0}]"
ORD-CLN-00478,2026-08-20T10:00:00,مؤكد,CUST-00478,العميل رقم 478,+967771000478,client_478@example.com,صنعاء,السبعين,سريع,2000.0,كاش,تم الدفع,8000.0,YER,10000.0,"[{""sku"":""SKU-1"",""name"":""Product A"",""qty"":2,""unit_price"":4000.0,""total"":8000.0}]"
ORD-CLN-00479,2026-08-20T10:00:00,مؤكد,CUST-00479,العميل رقم 479,+967771000479,client_479@example.com,صنعاء,السبعين,سريع,2000.0,كاش,تم الدفع,8000.0,YER,10000.0,"[{""sku"":""SKU-1"",""name"":""Product A"",""qty"":2,""unit_price"":4000.0,""total"":8000.0}]"
ORD-CLN-00480,2026-08-20T10:00:00,مؤكد,CUST-00480,العميل رقم 480,+967771000480,client_480@example.com,صنعاء,السبعين,سريع,2000.0,كاش,تم الدفع,8000.0,YER,10000.0,"[{""sku"":""SKU-1"",""name"":""Product A"",""qty"":2,""unit_price"":4000.0,""total"":8000.0}]"
ORD-CLN-00481,2026-08-20T10:00:00,مؤكد,CUST-00481,العميل رقم 481,+967771000481,client_481@example.com,صنعاء,السبعين,سريع,2000.0,كاش,تم الدفع,8000.0,YER,10000.0,"[{""sku"":""SKU-1"",""name"":""Product A"",""qty"":2,""unit_price"":4000.0,""total"":8000.0}]"
ORD-CLN-00482,2026-08-20T10:00:00,مؤكد,CUST-00482,العميل رقم 482,+967771000482,client_482@example.com,صنعاء,السبعين,سريع,2000.0,كاش,تم الدفع,8000.0,YER,10000.0,"[{""sku"":""SKU-1"",""name"":""Product A"",""qty"":2,""unit_price"":4000.0,""total"":8000.0}]"
ORD-CLN-00483,2026-08-20T10:00:00,مؤكد,CUST-00483,العميل رقم 483,+967771000483,client_483@example.com,صنعاء,السبعين,سريع,2000.0,كاش,تم الدفع,8000.0,YER,10000.0,"[{""sku"":""SKU-1"",""name"":""Product A"",""qty"":2,""unit_price"":4000.0,""total"":8000.0}]"
ORD-CLN-00484,2026-08-20T10:00:00,مؤكد,CUST-00484,العميل رقم 484,+967771000484,client_484@example.com,صنعاء,السبعين,سريع,2000.0,كاش,تم الدفع,8000.0,YER,10000.0,"[{""sku"":""SKU-1"",""name"":""Product A"",""qty"":2,""unit_price"":4000.0,""total"":8000.0}]"
ORD-CLN-00485,2026-08-20T10:00:00,مؤكد,CUST-00485,العميل رقم 485,+967771000485,client_485@example.com,صنعاء,السبعين,سريع,2000.0,كاش,تم الدفع,8000.0,YER,10000.0,"[{""sku"":""SKU-1"",""name"":""Product A"",""qty"":2,""unit_price"":4000.0,""total"":8000.0}]"
ORD-CLN-00486,2026-08-20T10:00:00,مؤكد,CUST-00486,العميل رقم 486,+967771000486,client_486@example.com,صنعاء,السبعين,سريع,2000.0,كاش,تم الدفع,8000.0,YER,10000.0,"[{""sku"":""SKU-1"",""name"":""Product A"",""qty"":2,""unit_price"":4000.0,""total"":8000.0}]"
ORD-CLN-00487,2026-08-20T10:00:00,مؤكد,CUST-00487,العميل رقم 487,+967771000487,client_487@example.com,صنعاء,السبعين,سريع,2000.0,كاش,تم الدفع,8000.0,YER,10000.0,"[{""sku"":""SKU-1"",""name"":""Product A"",""qty"":2,""unit_price"":4000.0,""total"":8000.0}]"
ORD-CLN-00488,2026-08-20T10:00:00,مؤكد,CUST-00488,العميل رقم 488,+967771000488,client_488@example.com,صنعاء,السبعين,سريع,2000.0,كاش,تم الدفع,8000.0,YER,10000.0,"[{""sku"":""SKU-1"",""name"":""Product A"",""qty"":2,""unit_price"":4000.0,""total"":8000.0}]"
ORD-CLN-00489,2026-08-20T10:00:00,مؤكد,CUST-00489,العميل رقم 489,+967771000489,client_489@example.com,صنعاء,السبعين,سريع,2000.0,كاش,تم الدفع,8000.0,YER,10000.0,"[{""sku"":""SKU-1"",""name"":""Product A"",""qty"":2,""unit_price"":4000.0,""total"":8000.0}]"
ORD-CLN-00490,2026-08-20T10:00:00,مؤكد,CUST-00490,العميل رقم 490,+967771000490,client_490@example.com,صنعاء,السبعين,سريع,2000.0,كاش,تم الدفع,8000.0,YER,10000.0,"[{""sku"":""SKU-1"",""name"":""Product A"",""qty"":2,""unit_price"":4000.0,""total"":8000.0}]"
ORD-CLN-00491,2026-08-20T10:00:00,مؤكد,CUST-00491,العميل رقم 491,+967771000491,client_491@example.com,صنعاء,السبعين,سريع,2000.0,كاش,تم الدفع,8000.0,YER,10000.0,"[{""sku"":""SKU-1"",""name"":""Product A"",""qty"":2,""unit_price"":4000.0,""total"":8000.0}]"
ORD-CLN-00492,2026-08-20T10:00:00,مؤكد,CUST-00492,العميل رقم 492,+967771000492,client_492@example.com,صنعاء,السبعين,سريع,2000.0,كاش,تم الدفع,8000.0,YER,10000.0,"[{""sku"":""SKU-1"",""name"":""Product A"",""qty"":2,""unit_price"":4000.0,""total"":8000.0}]"
ORD-CLN-00493,2026-08-20T10:00:00,مؤكد,CUST-00493,العميل رقم 493,+967771000493,client_493@example.com,صنعاء,السبعين,سريع,2000.0,كاش,تم الدفع,8000.0,YER,10000.0,"[{""sku"":""SKU-1"",""name"":""Product A"",""qty"":2,""unit_price"":4000.0,""total"":8000.0}]"
ORD-CLN-00494,2026-08-20T10:00:00,مؤكد,CUST-00494,العميل رقم 494,+967771000494,client_494@example.com,صنعاء,السبعين,سريع,2000.0,كاش,تم الدفع,8000.0,YER,10000.0,"[{""sku"":""SKU-1"",""name"":""Product A"",""qty"":2,""unit_price"":4000.0,""total"":8000.0}]"
ORD-CLN-00495,2026-08-20T10:00:00,مؤكد,CUST-00495,العميل رقم 495,+967771000495,client_495@example.com,صنعاء,السبعين,سريع,2000.0,كاش,تم الدفع,8000.0,YER,10000.0,"[{""sku"":""SKU-1"",""name"":""Product A"",""qty"":2,""unit_price"":4000.0,""total"":8000.0}]"
ORD-CLN-00496,2026-08-20T10:00:00,مؤكد,CUST-00496,العميل رقم 496,+967771000496,client_496@example.com,صنعاء,السبعين,سريع,2000.0,كاش,تم الدفع,8000.0,YER,10000.0,"[{""sku"":""SKU-1"",""name"":""Product A"",""qty"":2,""unit_price"":4000.0,""total"":8000.0}]"
ORD-CLN-00497,2026-08-20T10:00:00,مؤكد,CUST-00497,العميل رقم 497,+967771000497,client_497@example.com,صنعاء,السبعين,سريع,2000.0,كاش,تم الدفع,8000.0,YER,10000.0,"[{""sku"":""SKU-1"",""name"":""Product A"",""qty"":2,""unit_price"":4000.0,""total"":8000.0}]"
ORD-CLN-00498,2026-08-20T10:00:00,مؤكد,CUST-00498,العميل رقم 498,+967771000498,client_498@example.com,صنعاء,السبعين,سريع,2000.0,كاش,تم الدفع,8000.0,YER,10000.0,"[{""sku"":""SKU-1"",""name"":""Product A"",""qty"":2,""unit_price"":4000.0,""total"":8000.0}]"
ORD-CLN-00499,2026-08-20T10:00:00,مؤكد,CUST-00499,العميل رقم 499,+967771000499,client_499@example.com,صنعاء,السبعين,سريع,2000.0,كاش,تم الدفع,8000.0,YER,10000.0,"[{""sku"":""SKU-1"",""name"":""Product A"",""qty"":2,""unit_price"":4000.0,""total"":8000.0}]"
ORD-CLN-00500,2026-08-20T10:00:00,مؤكد,CUST-00500,العميل رقم 500,+967771000500,client_500@example.com,صنعاء,السبعين,سريع,2000.0,كاش,تم الدفع,8000.0,YER,10000.0,"[{""sku"":""SKU-1"",""name"":""Product A"",""qty"":2,""unit_price"":4000.0,""total"":8000.0}]"
ORD-CLN-00501,2026-08-20T10:00:00,مؤكد,CUST-00501,العميل رقم 501,+967771000501,client_501@example.com,صنعاء,السبعين,سريع,2000.0,كاش,تم الدفع,8000.0,YER,10000.0,"[{""sku"":""SKU-1"",""name"":""Product A"",""qty"":2,""unit_price"":4000.0,""total"":8000.0}]"
ORD-CLN-00502,2026-08-20T10:00:00,مؤكد,CUST-00502,العميل رقم 502,+967771000502,client_502@example.com,صنعاء,السبعين,سريع,2000.0,كاش,تم الدفع,8000.0,YER,10000.0,"[{""sku"":""SKU-1"",""name"":""Product A"",""qty"":2,""unit_price"":4000.0,""total"":8000.0}]"
ORD-CLN-00503,2026-08-20T10:00:00,مؤكد,CUST-00503,العميل رقم 503,+967771000503,client_503@example.com,صنعاء,السبعين,سريع,2000.0,كاش,تم الدفع,8000.0,YER,10000.0,"[{""sku"":""SKU-1"",""name"":""Product A"",""qty"":2,""unit_price"":4000.0,""total"":8000.0}]"
ORD-CLN-00504,2026-08-20T10:00:00,مؤكد,CUST-00504,العميل رقم 504,+967771000504,client_504@example.com,صنعاء,السبعين,سريع,2000.0,كاش,تم الدفع,8000.0,YER,10000.0,"[{""sku"":""SKU-1"",""name"":""Product A"",""qty"":2,""unit_price"":4000.0,""total"":8000.0}]"
ORD-CLN-00505,2026-08-20T10:00:00,مؤكد,CUST-00505,العميل رقم 505,+967771000505,client_505@example.com,صنعاء,السبعين,سريع,2000.0,كاش,تم الدفع,8000.0,YER,10000.0,"[{""sku"":""SKU-1"",""name"":""Product A"",""qty"":2,""unit_price"":4000.0,""total"":8000.0}]"
ORD-CLN-00506,2026-08-20T10:00:00,مؤكد,CUST-00506,العميل رقم 506,+967771000506,client_506@example.com,صنعاء,السبعين,سريع,2000.0,كاش,تم الدفع,8000.0,YER,10000.0,"[{""sku"":""SKU-1"",""name"":""Product A"",""qty"":2,""unit_price"":4000.0,""total"":8000.0}]"
ORD-CLN-00507,2026-08-20T10:00:00,مؤكد,CUST-00507,العميل رقم 507,+967771000507,client_507@example.com,صنعاء,السبعين,سريع,2000.0,كاش,تم الدفع,8000.0,YER,10000.0,"[{""sku"":""SKU-1"",""name"":""Product A"",""qty"":2,""unit_price"":4000.0,""total"":8000.0}]"
ORD-CLN-00508,2026-08-20T10:00:00,مؤكد,CUST-00508,العميل رقم 508,+967771000508,client_508@example.com,صنعاء,السبعين,سريع,2000.0,كاش,تم الدفع,8000.0,YER,10000.0,"[{""sku"":""SKU-1"",""name"":""Product A"",""qty"":2,""unit_price"":4000.0,""total"":8000.0}]"
ORD-CLN-00509,2026-08-20T10:00:00,مؤكد,CUST-00509,العميل رقم 509,+967771000509,client_509@example.com,صنعاء,السبعين,سريع,2000.0,كاش,تم الدفع,8000.0,YER,10000.0,"[{""sku"":""SKU-1"",""name"":""Product A"",""qty"":2,""unit_price"":4000.0,""total"":8000.0}]"
ORD-CLN-00510,2026-08-20T10:00:00,مؤكد,CUST-00510,العميل رقم 510,+967771000510,client_510@example.com,صنعاء,السبعين,سريع,2000.0,كاش,تم الدفع,8000.0,YER,10000.0,"[{""sku"":""SKU-1"",""name"":""Product A"",""qty"":2,""unit_price"":4000.0,""total"":8000.0}]"
ORD-CLN-00511,2026-08-20T10:00:00,مؤكد,CUST-00511,العميل رقم 511,+967771000511,client_511@example.com,صنعاء,السبعين,سريع,2000.0,كاش,تم الدفع,8000.0,YER,10000.0,"[{""sku"":""SKU-1"",""name"":""Product A"",""qty"":2,""unit_price"":4000.0,""total"":8000.0}]"
ORD-CLN-00512,2026-08-20T10:00:00,مؤكد,CUST-00512,العميل رقم 512,+967771000512,client_512@example.com,صنعاء,السبعين,سريع,2000.0,كاش,تم الدفع,8000.0,YER,10000.0,"[{""sku"":""SKU-1"",""name"":""Product A"",""qty"":2,""unit_price"":4000.0,""total"":8000.0}]"
ORD-CLN-00513,2026-08-20T10:00:00,مؤكد,CUST-00513,العميل رقم 513,+967771000513,client_513@example.com,صنعاء,السبعين,سريع,2000.0,كاش,تم الدفع,8000.0,YER,10000.0,"[{""sku"":""SKU-1"",""name"":""Product A"",""qty"":2,""unit_price"":4000.0,""total"":8000.0}]"
ORD-CLN-00514,2026-08-20T10:00:00,مؤكد,CUST-00514,العميل رقم 514,+967771000514,client_514@example.com,صنعاء,السبعين,سريع,2000.0,كاش,تم الدفع,8000.0,YER,10000.0,"[{""sku"":""SKU-1"",""name"":""Product A"",""qty"":2,""unit_price"":4000.0,""total"":8000.0}]"
ORD-CLN-00515,2026-08-20T10:00:00,مؤكد,CUST-00515,العميل رقم 515,+967771000515,client_515@example.com,صنعاء,السبعين,سريع,2000.0,كاش,تم الدفع,8000.0,YER,10000.0,"[{""sku"":""SKU-1"",""name"":""Product A"",""qty"":2,""unit_price"":4000.0,""total"":8000.0}]"
ORD-CLN-00516,2026-08-20T10:00:00,مؤكد,CUST-00516,العميل رقم 516,+967771000516,client_516@example.com,صنعاء,السبعين,سريع,2000.0,كاش,تم الدفع,8000.0,YER,10000.0,"[{""sku"":""SKU-1"",""name"":""Product A"",""qty"":2,""unit_price"":4000.0,""total"":8000.0}]"
ORD-CLN-00517,2026-08-20T10:00:00,مؤكد,CUST-00517,العميل رقم 517,+967771000517,client_517@example.com,صنعاء,السبعين,سريع,2000.0,كاش,تم الدفع,8000.0,YER,10000.0,"[{""sku"":""SKU-1"",""name"":""Product A"",""qty"":2,""unit_price"":4000.0,""total"":8000.0}]"
ORD-CLN-00518,2026-08-20T10:00:00,مؤكد,CUST-00518,العميل رقم 518,+967771000518,client_518@example.com,صنعاء,السبعين,سريع,2000.0,كاش,تم الدفع,8000.0,YER,10000.0,"[{""sku"":""SKU-1"",""name"":""Product A"",""qty"":2,""unit_price"":4000.0,""total"":8000.0}]"
ORD-CLN-00519,2026-08-20T10:00:00,مؤكد,CUST-00519,العميل رقم 519,+967771000519,client_519@example.com,صنعاء,السبعين,سريع,2000.0,كاش,تم الدفع,8000.0,YER,10000.0,"[{""sku"":""SKU-1"",""name"":""Product A"",""qty"":2,""unit_price"":4000.0,""total"":8000.0}]"
ORD-CLN-00520,2026-08-20T10:00:00,مؤكد,CUST-00520,العميل رقم 520,+967771000520,client_520@example.com,صنعاء,السبعين,سريع,2000.0,كاش,تم الدفع,8000.0,YER,10000.0,"[{""sku"":""SKU-1"",""name"":""Product A"",""qty"":2,""unit_price"":4000.0,""total"":8000.0}]"
ORD-CLN-00521,2026-08-20T10:00:00,مؤكد,CUST-00521,العميل رقم 521,+967771000521,client_521@example.com,صنعاء,السبعين,سريع,2000.0,كاش,تم الدفع,8000.0,YER,10000.0,"[{""sku"":""SKU-1"",""name"":""Product A"",""qty"":2,""unit_price"":4000.0,""total"":8000.0}]"
ORD-CLN-00522,2026-08-20T10:00:00,مؤكد,CUST-00522,العميل رقم 522,+967771000522,client_522@example.com,صنعاء,السبعين,سريع,2000.0,كاش,تم الدفع,8000.0,YER,10000.0,"[{""sku"":""SKU-1"",""name"":""Product A"",""qty"":2,""unit_price"":4000.0,""total"":8000.0}]"
ORD-CLN-00523,2026-08-20T10:00:00,مؤكد,CUST-00523,العميل رقم 523,+967771000523,client_523@example.com,صنعاء,السبعين,سريع,2000.0,كاش,تم الدفع,8000.0,YER,10000.0,"[{""sku"":""SKU-1"",""name"":""Product A"",""qty"":2,""unit_price"":4000.0,""total"":8000.0}]"
ORD-CLN-00524,2026-08-20T10:00:00,مؤكد,CUST-00524,العميل رقم 524,+967771000524,client_524@example.com,صنعاء,السبعين,سريع,2000.0,كاش,تم الدفع,8000.0,YER,10000.0,"[{""sku"":""SKU-1"",""name"":""Product A"",""qty"":2,""unit_price"":4000.0,""total"":8000.0}]"
ORD-CLN-00525,2026-08-20T10:00:00,مؤكد,CUST-00525,العميل رقم 525,+967771000525,client_525@example.com,صنعاء,السبعين,سريع,2000.0,كاش,تم الدفع,8000.0,YER,10000.0,"[{""sku"":""SKU-1"",""name"":""Product A"",""qty"":2,""unit_price"":4000.0,""total"":8000.0}]"
ORD-CLN-00526,2026-08-20T10:00:00,مؤكد,CUST-00526,العميل رقم 526,+967771000526,client_526@example.com,صنعاء,السبعين,سريع,2000.0,كاش,تم الدفع,8000.0,YER,10000.0,"[{""sku"":""SKU-1"",""name"":""Product A"",""qty"":2,""unit_price"":4000.0,""total"":8000.0}]"
ORD-CLN-00527,2026-08-20T10:00:00,مؤكد,CUST-00527,العميل رقم 527,+967771000527,client_527@example.com,صنعاء,السبعين,سريع,2000.0,كاش,تم الدفع,8000.0,YER,10000.0,"[{""sku"":""SKU-1"",""name"":""Product A"",""qty"":2,""unit_price"":4000.0,""total"":8000.0}]"
ORD-CLN-00528,2026-08-20T10:00:00,مؤكد,CUST-00528,العميل رقم 528,+967771000528,client_528@example.com,صنعاء,السبعين,سريع,2000.0,كاش,تم الدفع,8000.0,YER,10000.0,"[{""sku"":""SKU-1"",""name"":""Product A"",""qty"":2,""unit_price"":4000.0,""total"":8000.0}]"
ORD-CLN-00529,2026-08-20T10:00:00,مؤكد,CUST-00529,العميل رقم 529,+967771000529,client_529@example.com,صنعاء,السبعين,سريع,2000.0,كاش,تم الدفع,8000.0,YER,10000.0,"[{""sku"":""SKU-1"",""name"":""Product A"",""qty"":2,""unit_price"":4000.0,""total"":8000.0}]"
ORD-CLN-00530,2026-08-20T10:00:00,مؤكد,CUST-00530,العميل رقم 530,+967771000530,client_530@example.com,صنعاء,السبعين,سريع,2000.0,كاش,تم الدفع,8000.0,YER,10000.0,"[{""sku"":""SKU-1"",""name"":""Product A"",""qty"":2,""unit_price"":4000.0,""total"":8000.0}]"
ORD-CLN-00531,2026-08-20T10:00:00,مؤكد,CUST-00531,العميل رقم 531,+967771000531,client_531@example.com,صنعاء,السبعين,سريع,2000.0,كاش,تم الدفع,8000.0,YER,10000.0,"[{""sku"":""SKU-1"",""name"":""Product A"",""qty"":2,""unit_price"":4000.0,""total"":8000.0}]"
ORD-CLN-00532,2026-08-20T10:00:00,مؤكد,CUST-00532,العميل رقم 532,+967771000532,client_532@example.com,صنعاء,السبعين,سريع,2000.0,كاش,تم الدفع,8000.0,YER,10000.0,"[{""sku"":""SKU-1"",""name"":""Product A"",""qty"":2,""unit_price"":4000.0,""total"":8000.0}]"
ORD-CLN-00533,2026-08-20T10:00:00,مؤكد,CUST-00533,العميل رقم 533,+967771000533,client_533@example.com,صنعاء,السبعين,سريع,2000.0,كاش,تم الدفع,8000.0,YER,10000.0,"[{""sku"":""SKU-1"",""name"":""Product A"",""qty"":2,""unit_price"":4000.0,""total"":8000.0}]"
ORD-CLN-00534,2026-08-20T10:00:00,مؤكد,CUST-00534,العميل رقم 534,+967771000534,client_534@example.com,صنعاء,السبعين,سريع,2000.0,كاش,تم الدفع,8000.0,YER,10000.0,"[{""sku"":""SKU-1"",""name"":""Product A"",""qty"":2,""unit_price"":4000.0,""total"":8000.0}]"
ORD-CLN-00535,2026-08-20T10:00:00,مؤكد,CUST-00535,العميل رقم 535,+967771000535,client_535@example.com,صنعاء,السبعين,سريع,2000.0,كاش,تم الدفع,8000.0,YER,10000.0,"[{""sku"":""SKU-1"",""name"":""Product A"",""qty"":2,""unit_price"":4000.0,""total"":8000.0}]"
ORD-CLN-00536,2026-08-20T10:00:00,مؤكد,CUST-00536,العميل رقم 536,+967771000536,client_536@example.com,صنعاء,السبعين,سريع,2000.0,كاش,تم الدفع,8000.0,YER,10000.0,"[{""sku"":""SKU-1"",""name"":""Product A"",""qty"":2,""unit_price"":4000.0,""total"":8000.0}]"
ORD-CLN-00537,2026-08-20T10:00:00,مؤكد,CUST-00537,العميل رقم 537,+967771000537,client_537@example.com,صنعاء,السبعين,سريع,2000.0,كاش,تم الدفع,8000.0,YER,10000.0,"[{""sku"":""SKU-1"",""name"":""Product A"",""qty"":2,""unit_price"":4000.0,""total"":8000.0}]"
ORD-CLN-00538,2026-08-20T10:00:00,مؤكد,CUST-00538,العميل رقم 538,+967771000538,client_538@example.com,صنعاء,السبعين,سريع,2000.0,كاش,تم الدفع,8000.0,YER,10000.0,"[{""sku"":""SKU-1"",""name"":""Product A"",""qty"":2,""unit_price"":4000.0,""total"":8000.0}]"
ORD-CLN-00539,2026-08-20T10:00:00,مؤكد,CUST-00539,العميل رقم 539,+967771000539,client_539@example.com,صنعاء,السبعين,سريع,2000.0,كاش,تم الدفع,8000.0,YER,10000.0,"[{""sku"":""SKU-1"",""name"":""Product A"",""qty"":2,""unit_price"":4000.0,""total"":8000.0}]"
ORD-CLN-00540,2026-08-20T10:00:00,مؤكد,CUST-00540,العميل رقم 540,+967771000540,client_540@example.com,صنعاء,السبعين,سريع,2000.0,كاش,تم الدفع,8000.0,YER,10000.0,"[{""sku"":""SKU-1"",""name"":""Product A"",""qty"":2,""unit_price"":4000.0,""total"":8000.0}]"
ORD-CLN-00541,2026-08-20T10:00:00,مؤكد,CUST-00541,العميل رقم 541,+967771000541,client_541@example.com,صنعاء,السبعين,سريع,2000.0,كاش,تم الدفع,8000.0,YER,10000.0,"[{""sku"":""SKU-1"",""name"":""Product A"",""qty"":2,""unit_price"":4000.0,""total"":8000.0}]"
ORD-CLN-00542,2026-08-20T10:00:00,مؤكد,CUST-00542,العميل رقم 542,+967771000542,client_542@example.com,صنعاء,السبعين,سريع,2000.0,كاش,تم الدفع,8000.0,YER,10000.0,"[{""sku"":""SKU-1"",""name"":""Product A"",""qty"":2,""unit_price"":4000.0,""total"":8000.0}]"
ORD-CLN-00543,2026-08-20T10:00:00,مؤكد,CUST-00543,العميل رقم 543,+967771000543,client_543@example.com,صنعاء,السبعين,سريع,2000.0,كاش,تم الدفع,8000.0,YER,10000.0,"[{""sku"":""SKU-1"",""name"":""Product A"",""qty"":2,""unit_price"":4000.0,""total"":8000.0}]"
ORD-CLN-00544,2026-08-20T10:00:00,مؤكد,CUST-00544,العميل رقم 544,+967771000544,client_544@example.com,صنعاء,السبعين,سريع,2000.0,كاش,تم الدفع,8000.0,YER,10000.0,"[{""sku"":""SKU-1"",""name"":""Product A"",""qty"":2,""unit_price"":4000.0,""total"":8000.0}]"
ORD-CLN-00545,2026-08-20T10:00:00,مؤكد,CUST-00545,العميل رقم 545,+967771000545,client_545@example.com,صنعاء,السبعين,سريع,2000.0,كاش,تم الدفع,8000.0,YER,10000.0,"[{""sku"":""SKU-1"",""name"":""Product A"",""qty"":2,""unit_price"":4000.0,""total"":8000.0}]"
ORD-CLN-00546,2026-08-20T10:00:00,مؤكد,CUST-00546,العميل رقم 546,+967771000546,client_546@example.com,صنعاء,السبعين,سريع,2000.0,كاش,تم الدفع,8000.0,YER,10000.0,"[{""sku"":""SKU-1"",""name"":""Product A"",""qty"":2,""unit_price"":4000.0,""total"":8000.0}]"
ORD-CLN-00547,2026-08-20T10:00:00,مؤكد,CUST-00547,العميل رقم 547,+967771000547,client_547@example.com,صنعاء,السبعين,سريع,2000.0,كاش,تم الدفع,8000.0,YER,10000.0,"[{""sku"":""SKU-1"",""name"":""Product A"",""qty"":2,""unit_price"":4000.0,""total"":8000.0}]"
ORD-CLN-00548,2026-08-20T10:00:00,مؤكد,CUST-00548,العميل رقم 548,+967771000548,client_548@example.com,صنعاء,السبعين,سريع,2000.0,كاش,تم الدفع,8000.0,YER,10000.0,"[{""sku"":""SKU-1"",""name"":""Product A"",""qty"":2,""unit_price"":4000.0,""total"":8000.0}]"
ORD-CLN-00549,2026-08-20T10:00:00,مؤكد,CUST-00549,العميل رقم 549,+967771000549,client_549@example.com,صنعاء,السبعين,سريع,2000.0,كاش,تم الدفع,8000.0,YER,10000.0,"[{""sku"":""SKU-1"",""name"":""Product A"",""qty"":2,""unit_price"":4000.0,""total"":8000.0}]"
ORD-CLN-00550,2026-08-20T10:00:00,مؤكد,CUST-00550,العميل رقم 550,+967771000550,client_550@example.com,صنعاء,السبعين,سريع,2000.0,كاش,تم الدفع,8000.0,YER,10000.0,"[{""sku"":""SKU-1"",""name"":""Product A"",""qty"":2,""unit_price"":4000.0,""total"":8000.0}]"
ORD-CLN-00551,2026-08-20T10:00:00,مؤكد,CUST-00551,العميل رقم 551,+967771000551,client_551@example.com,صنعاء,السبعين,سريع,2000.0,كاش,تم الدفع,8000.0,YER,10000.0,"[{""sku"":""SKU-1"",""name"":""Product A"",""qty"":2,""unit_price"":4000.0,""total"":8000.0}]"
ORD-CLN-00552,2026-08-20T10:00:00,مؤكد,CUST-00552,العميل رقم 552,+967771000552,client_552@example.com,صنعاء,السبعين,سريع,2000.0,كاش,تم الدفع,8000.0,YER,10000.0,"[{""sku"":""SKU-1"",""name"":""Product A"",""qty"":2,""unit_price"":4000.0,""total"":8000.0}]"
ORD-CLN-00553,2026-08-20T10:00:00,مؤكد,CUST-00553,العميل رقم 553,+967771000553,client_553@example.com,صنعاء,السبعين,سريع,2000.0,كاش,تم الدفع,8000.0,YER,10000.0,"[{""sku"":""SKU-1"",""name"":""Product A"",""qty"":2,""unit_price"":4000.0,""total"":8000.0}]"
ORD-CLN-00554,2026-08-20T10:00:00,مؤكد,CUST-00554,العميل رقم 554,+967771000554,client_554@example.com,صنعاء,السبعين,سريع,2000.0,كاش,تم الدفع,8000.0,YER,10000.0,"[{""sku"":""SKU-1"",""name"":""Product A"",""qty"":2,""unit_price"":4000.0,""total"":8000.0}]"
ORD-CLN-00555,2026-08-20T10:00:00,مؤكد,CUST-00555,العميل رقم 555,+967771000555,client_555@example.com,صنعاء,السبعين,سريع,2000.0,كاش,تم الدفع,8000.0,YER,10000.0,"[{""sku"":""SKU-1"",""name"":""Product A"",""qty"":2,""unit_price"":4000.0,""total"":8000.0}]"
ORD-CLN-00556,2026-08-20T10:00:00,مؤكد,CUST-00556,العميل رقم 556,+967771000556,client_556@example.com,صنعاء,السبعين,سريع,2000.0,كاش,تم الدفع,8000.0,YER,10000.0,"[{""sku"":""SKU-1"",""name"":""Product A"",""qty"":2,""unit_price"":4000.0,""total"":8000.0}]"
ORD-CLN-00557,2026-08-20T10:00:00,مؤكد,CUST-00557,العميل رقم 557,+967771000557,client_557@example.com,صنعاء,السبعين,سريع,2000.0,كاش,تم الدفع,8000.0,YER,10000.0,"[{""sku"":""SKU-1"",""name"":""Product A"",""qty"":2,""unit_price"":4000.0,""total"":8000.0}]"
ORD-CLN-00558,2026-08-20T10:00:00,مؤكد,CUST-00558,العميل رقم 558,+967771000558,client_558@example.com,صنعاء,السبعين,سريع,2000.0,كاش,تم الدفع,8000.0,YER,10000.0,"[{""sku"":""SKU-1"",""name"":""Product A"",""qty"":2,""unit_price"":4000.0,""total"":8000.0}]"
ORD-CLN-00559,2026-08-20T10:00:00,مؤكد,CUST-00559,العميل رقم 559,+967771000559,client_559@example.com,صنعاء,السبعين,سريع,2000.0,كاش,تم الدفع,8000.0,YER,10000.0,"[{""sku"":""SKU-1"",""name"":""Product A"",""qty"":2,""unit_price"":4000.0,""total"":8000.0}]"
ORD-CLN-00560,2026-08-20T10:00:00,مؤكد,CUST-00560,العميل رقم 560,+967771000560,client_560@example.com,صنعاء,السبعين,سريع,2000.0,كاش,تم الدفع,8000.0,YER,10000.0,"[{""sku"":""SKU-1"",""name"":""Product A"",""qty"":2,""unit_price"":4000.0,""total"":8000.0}]"
ORD-CLN-00561,2026-08-20T10:00:00,مؤكد,CUST-00561,العميل رقم 561,+967771000561,client_561@example.com,صنعاء,السبعين,سريع,2000.0,كاش,تم الدفع,8000.0,YER,10000.0,"[{""sku"":""SKU-1"",""name"":""Product A"",""qty"":2,""unit_price"":4000.0,""total"":8000.0}]"
ORD-CLN-00562,2026-08-20T10:00:00,مؤكد,CUST-00562,العميل رقم 562,+967771000562,client_562@example.com,صنعاء,السبعين,سريع,2000.0,كاش,تم الدفع,8000.0,YER,10000.0,"[{""sku"":""SKU-1"",""name"":""Product A"",""qty"":2,""unit_price"":4000.0,""total"":8000.0}]"
ORD-CLN-00563,2026-08-20T10:00:00,مؤكد,CUST-00563,العميل رقم 563,+967771000563,client_563@example.com,صنعاء,السبعين,سريع,2000.0,كاش,تم الدفع,8000.0,YER,10000.0,"[{""sku"":""SKU-1"",""name"":""Product A"",""qty"":2,""unit_price"":4000.0,""total"":8000.0}]"
ORD-CLN-00564,2026-08-20T10:00:00,مؤكد,CUST-00564,العميل رقم 564,+967771000564,client_564@example.com,صنعاء,السبعين,سريع,2000.0,كاش,تم الدفع,8000.0,YER,10000.0,"[{""sku"":""SKU-1"",""name"":""Product A"",""qty"":2,""unit_price"":4000.0,""total"":8000.0}]"
ORD-CLN-00565,2026-08-20T10:00:00,مؤكد,CUST-00565,العميل رقم 565,+967771000565,client_565@example.com,صنعاء,السبعين,سريع,2000.0,كاش,تم الدفع,8000.0,YER,10000.0,"[{""sku"":""SKU-1"",""name"":""Product A"",""qty"":2,""unit_price"":4000.0,""total"":8000.0}]"
ORD-CLN-00566,2026-08-20T10:00:00,مؤكد,CUST-00566,العميل رقم 566,+967771000566,client_566@example.com,صنعاء,السبعين,سريع,2000.0,كاش,تم الدفع,8000.0,YER,10000.0,"[{""sku"":""SKU-1"",""name"":""Product A"",""qty"":2,""unit_price"":4000.0,""total"":8000.0}]"
ORD-CLN-00567,2026-08-20T10:00:00,مؤكد,CUST-00567,العميل رقم 567,+967771000567,client_567@example.com,صنعاء,السبعين,سريع,2000.0,كاش,تم الدفع,8000.0,YER,10000.0,"[{""sku"":""SKU-1"",""name"":""Product A"",""qty"":2,""unit_price"":4000.0,""total"":8000.0}]"
ORD-CLN-00568,2026-08-20T10:00:00,مؤكد,CUST-00568,العميل رقم 568,+967771000568,client_568@example.com,صنعاء,السبعين,سريع,2000.0,كاش,تم الدفع,8000.0,YER,10000.0,"[{""sku"":""SKU-1"",""name"":""Product A"",""qty"":2,""unit_price"":4000.0,""total"":8000.0}]"
ORD-CLN-00569,2026-08-20T10:00:00,مؤكد,CUST-00569,العميل رقم 569,+967771000569,client_569@example.com,صنعاء,السبعين,سريع,2000.0,كاش,تم الدفع,8000.0,YER,10000.0,"[{""sku"":""SKU-1"",""name"":""Product A"",""qty"":2,""unit_price"":4000.0,""total"":8000.0}]"
ORD-CLN-00570,2026-08-20T10:00:00,مؤكد,CUST-00570,العميل رقم 570,+967771000570,client_570@example.com,صنعاء,السبعين,سريع,2000.0,كاش,تم الدفع,8000.0,YER,10000.0,"[{""sku"":""SKU-1"",""name"":""Product A"",""qty"":2,""unit_price"":4000.0,""total"":8000.0}]"
ORD-CLN-00571,2026-08-20T10:00:00,مؤكد,CUST-00571,العميل رقم 571,+967771000571,client_571@example.com,صنعاء,السبعين,سريع,2000.0,كاش,تم الدفع,8000.0,YER,10000.0,"[{""sku"":""SKU-1"",""name"":""Product A"",""qty"":2,""unit_price"":4000.0,""total"":8000.0}]"
ORD-CLN-00572,2026-08-20T10:00:00,مؤكد,CUST-00572,العميل رقم 572,+967771000572,client_572@example.com,صنعاء,السبعين,سريع,2000.0,كاش,تم الدفع,8000.0,YER,10000.0,"[{""sku"":""SKU-1"",""name"":""Product A"",""qty"":2,""unit_price"":4000.0,""total"":8000.0}]"
ORD-CLN-00573,2026-08-20T10:00:00,مؤكد,CUST-00573,العميل رقم 573,+967771000573,client_573@example.com,صنعاء,السبعين,سريع,2000.0,كاش,تم الدفع,8000.0,YER,10000.0,"[{""sku"":""SKU-1"",""name"":""Product A"",""qty"":2,""unit_price"":4000.0,""total"":8000.0}]"
ORD-CLN-00574,2026-08-20T10:00:00,مؤكد,CUST-00574,العميل رقم 574,+967771000574,client_574@example.com,صنعاء,السبعين,سريع,2000.0,كاش,تم الدفع,8000.0,YER,10000.0,"[{""sku"":""SKU-1"",""name"":""Product A"",""qty"":2,""unit_price"":4000.0,""total"":8000.0}]"
ORD-CLN-00575,2026-08-20T10:00:00,مؤكد,CUST-00575,العميل رقم 575,+967771000575,client_575@example.com,صنعاء,السبعين,سريع,2000.0,كاش,تم الدفع,8000.0,YER,10000.0,"[{""sku"":""SKU-1"",""name"":""Product A"",""qty"":2,""unit_price"":4000.0,""total"":8000.0}]"
ORD-CLN-00576,2026-08-20T10:00:00,مؤكد,CUST-00576,العميل رقم 576,+967771000576,client_576@example.com,صنعاء,السبعين,سريع,2000.0,كاش,تم الدفع,8000.0,YER,10000.0,"[{""sku"":""SKU-1"",""name"":""Product A"",""qty"":2,""unit_price"":4000.0,""total"":8000.0}]"
ORD-CLN-00577,2026-08-20T10:00:00,مؤكد,CUST-00577,العميل رقم 577,+967771000577,client_577@example.com,صنعاء,السبعين,سريع,2000.0,كاش,تم الدفع,8000.0,YER,10000.0,"[{""sku"":""SKU-1"",""name"":""Product A"",""qty"":2,""unit_price"":4000.0,""total"":8000.0}]"
ORD-CLN-00578,2026-08-20T10:00:00,مؤكد,CUST-00578,العميل رقم 578,+967771000578,client_578@example.com,صنعاء,السبعين,سريع,2000.0,كاش,تم الدفع,8000.0,YER,10000.0,"[{""sku"":""SKU-1"",""name"":""Product A"",""qty"":2,""unit_price"":4000.0,""total"":8000.0}]"
ORD-CLN-00579,2026-08-20T10:00:00,مؤكد,CUST-00579,العميل رقم 579,+967771000579,client_579@example.com,صنعاء,السبعين,سريع,2000.0,كاش,تم الدفع,8000.0,YER,10000.0,"[{""sku"":""SKU-1"",""name"":""Product A"",""qty"":2,""unit_price"":4000.0,""total"":8000.0}]"
ORD-CLN-00580,2026-08-20T10:00:00,مؤكد,CUST-00580,العميل رقم 580,+967771000580,client_580@example.com,صنعاء,السبعين,سريع,2000.0,كاش,تم الدفع,8000.0,YER,10000.0,"[{""sku"":""SKU-1"",""name"":""Product A"",""qty"":2,""unit_price"":4000.0,""total"":8000.0}]"
ORD-CLN-00581,2026-08-20T10:00:00,مؤكد,CUST-00581,العميل رقم 581,+967771000581,client_581@example.com,صنعاء,السبعين,سريع,2000.0,كاش,تم الدفع,8000.0,YER,10000.0,"[{""sku"":""SKU-1"",""name"":""Product A"",""qty"":2,""unit_price"":4000.0,""total"":8000.0}]"
ORD-CLN-00582,2026-08-20T10:00:00,مؤكد,CUST-00582,العميل رقم 582,+967771000582,client_582@example.com,صنعاء,السبعين,سريع,2000.0,كاش,تم الدفع,8000.0,YER,10000.0,"[{""sku"":""SKU-1"",""name"":""Product A"",""qty"":2,""unit_price"":4000.0,""total"":8000.0}]"
ORD-CLN-00583,2026-08-20T10:00:00,مؤكد,CUST-00583,العميل رقم 583,+967771000583,client_583@example.com,صنعاء,السبعين,سريع,2000.0,كاش,تم الدفع,8000.0,YER,10000.0,"[{""sku"":""SKU-1"",""name"":""Product A"",""qty"":2,""unit_price"":4000.0,""total"":8000.0}]"
ORD-CLN-00584,2026-08-20T10:00:00,مؤكد,CUST-00584,العميل رقم 584,+967771000584,client_584@example.com,صنعاء,السبعين,سريع,2000.0,كاش,تم الدفع,8000.0,YER,10000.0,"[{""sku"":""SKU-1"",""name"":""Product A"",""qty"":2,""unit_price"":4000.0,""total"":8000.0}]"
ORD-CLN-00585,2026-08-20T10:00:00,مؤكد,CUST-00585,العميل رقم 585,+967771000585,client_585@example.com,صنعاء,السبعين,سريع,2000.0,كاش,تم الدفع,8000.0,YER,10000.0,"[{""sku"":""SKU-1"",""name"":""Product A"",""qty"":2,""unit_price"":4000.0,""total"":8000.0}]"
ORD-CLN-00586,2026-08-20T10:00:00,مؤكد,CUST-00586,العميل رقم 586,+967771000586,client_586@example.com,صنعاء,السبعين,سريع,2000.0,كاش,تم الدفع,8000.0,YER,10000.0,"[{""sku"":""SKU-1"",""name"":""Product A"",""qty"":2,""unit_price"":4000.0,""total"":8000.0}]"
ORD-CLN-00587,2026-08-20T10:00:00,مؤكد,CUST-00587,العميل رقم 587,+967771000587,client_587@example.com,صنعاء,السبعين,سريع,2000.0,كاش,تم الدفع,8000.0,YER,10000.0,"[{""sku"":""SKU-1"",""name"":""Product A"",""qty"":2,""unit_price"":4000.0,""total"":8000.0}]"
ORD-CLN-00588,2026-08-20T10:00:00,مؤكد,CUST-00588,العميل رقم 588,+967771000588,client_588@example.com,صنعاء,السبعين,سريع,2000.0,كاش,تم الدفع,8000.0,YER,10000.0,"[{""sku"":""SKU-1"",""name"":""Product A"",""qty"":2,""unit_price"":4000.0,""total"":8000.0}]"
ORD-CLN-00589,2026-08-20T10:00:00,مؤكد,CUST-00589,العميل رقم 589,+967771000589,client_589@example.com,صنعاء,السبعين,سريع,2000.0,كاش,تم الدفع,8000.0,YER,10000.0,"[{""sku"":""SKU-1"",""name"":""Product A"",""qty"":2,""unit_price"":4000.0,""total"":8000.0}]"
ORD-CLN-00590,2026-08-20T10:00:00,مؤكد,CUST-00590,العميل رقم 590,+967771000590,client_590@example.com,صنعاء,السبعين,سريع,2000.0,كاش,تم الدفع,8000.0,YER,10000.0,"[{""sku"":""SKU-1"",""name"":""Product A"",""qty"":2,""unit_price"":4000.0,""total"":8000.0}]"
ORD-CLN-00591,2026-08-20T10:00:00,مؤكد,CUST-00591,العميل رقم 591,+967771000591,client_591@example.com,صنعاء,السبعين,سريع,2000.0,كاش,تم الدفع,8000.0,YER,10000.0,"[{""sku"":""SKU-1"",""name"":""Product A"",""qty"":2,""unit_price"":4000.0,""total"":8000.0}]"
ORD-CLN-00592,2026-08-20T10:00:00,مؤكد,CUST-00592,العميل رقم 592,+967771000592,client_592@example.com,صنعاء,السبعين,سريع,2000.0,كاش,تم الدفع,8000.0,YER,10000.0,"[{""sku"":""SKU-1"",""name"":""Product A"",""qty"":2,""unit_price"":4000.0,""total"":8000.0}]"
ORD-CLN-00593,2026-08-20T10:00:00,مؤكد,CUST-00593,العميل رقم 593,+967771000593,client_593@example.com,صنعاء,السبعين,سريع,2000.0,كاش,تم الدفع,8000.0,YER,10000.0,"[{""sku"":""SKU-1"",""name"":""Product A"",""qty"":2,""unit_price"":4000.0,""total"":8000.0}]"
ORD-CLN-00594,2026-08-20T10:00:00,مؤكد,CUST-00594,العميل رقم 594,+967771000594,client_594@example.com,صنعاء,السبعين,سريع,2000.0,كاش,تم الدفع,8000.0,YER,10000.0,"[{""sku"":""SKU-1"",""name"":""Product A"",""qty"":2,""unit_price"":4000.0,""total"":8000.0}]"
ORD-CLN-00595,2026-08-20T10:00:00,مؤكد,CUST-00595,العميل رقم 595,+967771000595,client_595@example.com,صنعاء,السبعين,سريع,2000.0,كاش,تم الدفع,8000.0,YER,10000.0,"[{""sku"":""SKU-1"",""name"":""Product A"",""qty"":2,""unit_price"":4000.0,""total"":8000.0}]"
ORD-CLN-00596,2026-08-20T10:00:00,مؤكد,CUST-00596,العميل رقم 596,+967771000596,client_596@example.com,صنعاء,السبعين,سريع,2000.0,كاش,تم الدفع,8000.0,YER,10000.0,"[{""sku"":""SKU-1"",""name"":""Product A"",""qty"":2,""unit_price"":4000.0,""total"":8000.0}]"
ORD-CLN-00597,2026-08-20T10:00:00,مؤكد,CUST-00597,العميل رقم 597,+967771000597,client_597@example.com,صنعاء,السبعين,سريع,2000.0,كاش,تم الدفع,8000.0,YER,10000.0,"[{""sku"":""SKU-1"",""name"":""Product A"",""qty"":2,""unit_price"":4000.0,""total"":8000.0}]"
ORD-CLN-00598,2026-08-20T10:00:00,مؤكد,CUST-00598,العميل رقم 598,+967771000598,client_598@example.com,صنعاء,السبعين,سريع,2000.0,كاش,تم الدفع,8000.0,YER,10000.0,"[{""sku"":""SKU-1"",""name"":""Product A"",""qty"":2,""unit_price"":4000.0,""total"":8000.0}]"
ORD-CLN-00599,2026-08-20T10:00:00,مؤكد,CUST-00599,العميل رقم 599,+967771000599,client_599@example.com,صنعاء,السبعين,سريع,2000.0,كاش,تم الدفع,8000.0,YER,10000.0,"[{""sku"":""SKU-1"",""name"":""Product A"",""qty"":2,""unit_price"":4000.0,""total"":8000.0}]"
ORD-CLN-00600,2026-08-20T10:00:00,مؤكد,CUST-00600,العميل رقم 600,+967771000600,client_600@example.com,صنعاء,السبعين,سريع,2000.0,كاش,تم الدفع,8000.0,YER,10000.0,"[{""sku"":""SKU-1"",""name"":""Product A"",""qty"":2,""unit_price"":4000.0,""total"":8000.0}]"
ORD-CLN-00601,2026-08-20T10:00:00,مؤكد,CUST-00601,العميل رقم 601,+967771000601,client_601@example.com,صنعاء,السبعين,سريع,2000.0,كاش,تم الدفع,8000.0,YER,10000.0,"[{""sku"":""SKU-1"",""name"":""Product A"",""qty"":2,""unit_price"":4000.0,""total"":8000.0}]"
ORD-CLN-00602,2026-08-20T10:00:00,مؤكد,CUST-00602,العميل رقم 602,+967771000602,client_602@example.com,صنعاء,السبعين,سريع,2000.0,كاش,تم الدفع,8000.0,YER,10000.0,"[{""sku"":""SKU-1"",""name"":""Product A"",""qty"":2,""unit_price"":4000.0,""total"":8000.0}]"
ORD-CLN-00603,2026-08-20T10:00:00,مؤكد,CUST-00603,العميل رقم 603,+967771000603,client_603@example.com,صنعاء,السبعين,سريع,2000.0,كاش,تم الدفع,8000.0,YER,10000.0,"[{""sku"":""SKU-1"",""name"":""Product A"",""qty"":2,""unit_price"":4000.0,""total"":8000.0}]"
ORD-CLN-00604,2026-08-20T10:00:00,مؤكد,CUST-00604,العميل رقم 604,+967771000604,client_604@example.com,صنعاء,السبعين,سريع,2000.0,كاش,تم الدفع,8000.0,YER,10000.0,"[{""sku"":""SKU-1"",""name"":""Product A"",""qty"":2,""unit_price"":4000.0,""total"":8000.0}]"
ORD-CLN-00605,2026-08-20T10:00:00,مؤكد,CUST-00605,العميل رقم 605,+967771000605,client_605@example.com,صنعاء,السبعين,سريع,2000.0,كاش,تم الدفع,8000.0,YER,10000.0,"[{""sku"":""SKU-1"",""name"":""Product A"",""qty"":2,""unit_price"":4000.0,""total"":8000.0}]"
ORD-CLN-00606,2026-08-20T10:00:00,مؤكد,CUST-00606,العميل رقم 606,+967771000606,client_606@example.com,صنعاء,السبعين,سريع,2000.0,كاش,تم الدفع,8000.0,YER,10000.0,"[{""sku"":""SKU-1"",""name"":""Product A"",""qty"":2,""unit_price"":4000.0,""total"":8000.0}]"
ORD-CLN-00607,2026-08-20T10:00:00,مؤكد,CUST-00607,العميل رقم 607,+967771000607,client_607@example.com,صنعاء,السبعين,سريع,2000.0,كاش,تم الدفع,8000.0,YER,10000.0,"[{""sku"":""SKU-1"",""name"":""Product A"",""qty"":2,""unit_price"":4000.0,""total"":8000.0}]"
ORD-CLN-00608,2026-08-20T10:00:00,مؤكد,CUST-00608,العميل رقم 608,+967771000608,client_608@example.com,صنعاء,السبعين,سريع,2000.0,كاش,تم الدفع,8000.0,YER,10000.0,"[{""sku"":""SKU-1"",""name"":""Product A"",""qty"":2,""unit_price"":4000.0,""total"":8000.0}]"
ORD-CLN-00609,2026-08-20T10:00:00,مؤكد,CUST-00609,العميل رقم 609,+967771000609,client_609@example.com,صنعاء,السبعين,سريع,2000.0,كاش,تم الدفع,8000.0,YER,10000.0,"[{""sku"":""SKU-1"",""name"":""Product A"",""qty"":2,""unit_price"":4000.0,""total"":8000.0}]"
ORD-CLN-00610,2026-08-20T10:00:00,مؤكد,CUST-00610,العميل رقم 610,+967771000610,client_610@example.com,صنعاء,السبعين,سريع,2000.0,كاش,تم الدفع,8000.0,YER,10000.0,"[{""sku"":""SKU-1"",""name"":""Product A"",""qty"":2,""unit_price"":4000.0,""total"":8000.0}]"
ORD-CLN-00611,2026-08-20T10:00:00,مؤكد,CUST-00611,العميل رقم 611,+967771000611,client_611@example.com,صنعاء,السبعين,سريع,2000.0,كاش,تم الدفع,8000.0,YER,10000.0,"[{""sku"":""SKU-1"",""name"":""Product A"",""qty"":2,""unit_price"":4000.0,""total"":8000.0}]"
ORD-CLN-00612,2026-08-20T10:00:00,مؤكد,CUST-00612,العميل رقم 612,+967771000612,client_612@example.com,صنعاء,السبعين,سريع,2000.0,كاش,تم الدفع,8000.0,YER,10000.0,"[{""sku"":""SKU-1"",""name"":""Product A"",""qty"":2,""unit_price"":4000.0,""total"":8000.0}]"
ORD-CLN-00613,2026-08-20T10:00:00,مؤكد,CUST-00613,العميل رقم 613,+967771000613,client_613@example.com,صنعاء,السبعين,سريع,2000.0,كاش,تم الدفع,8000.0,YER,10000.0,"[{""sku"":""SKU-1"",""name"":""Product A"",""qty"":2,""unit_price"":4000.0,""total"":8000.0}]"
ORD-CLN-00614,2026-08-20T10:00:00,مؤكد,CUST-00614,العميل رقم 614,+967771000614,client_614@example.com,صنعاء,السبعين,سريع,2000.0,كاش,تم الدفع,8000.0,YER,10000.0,"[{""sku"":""SKU-1"",""name"":""Product A"",""qty"":2,""unit_price"":4000.0,""total"":8000.0}]"
ORD-CLN-00615,2026-08-20T10:00:00,مؤكد,CUST-00615,العميل رقم 615,+967771000615,client_615@example.com,صنعاء,السبعين,سريع,2000.0,كاش,تم الدفع,8000.0,YER,10000.0,"[{""sku"":""SKU-1"",""name"":""Product A"",""qty"":2,""unit_price"":4000.0,""total"":8000.0}]"
ORD-CLN-00616,2026-08-20T10:00:00,مؤكد,CUST-00616,العميل رقم 616,+967771000616,client_616@example.com,صنعاء,السبعين,سريع,2000.0,كاش,تم الدفع,8000.0,YER,10000.0,"[{""sku"":""SKU-1"",""name"":""Product A"",""qty"":2,""unit_price"":4000.0,""total"":8000.0}]"
ORD-CLN-00617,2026-08-20T10:00:00,مؤكد,CUST-00617,العميل رقم 617,+967771000617,client_617@example.com,صنعاء,السبعين,سريع,2000.0,كاش,تم الدفع,8000.0,YER,10000.0,"[{""sku"":""SKU-1"",""name"":""Product A"",""qty"":2,""unit_price"":4000.0,""total"":8000.0}]"
ORD-CLN-00618,2026-08-20T10:00:00,مؤكد,CUST-00618,العميل رقم 618,+967771000618,client_618@example.com,صنعاء,السبعين,سريع,2000.0,كاش,تم الدفع,8000.0,YER,10000.0,"[{""sku"":""SKU-1"",""name"":""Product A"",""qty"":2,""unit_price"":4000.0,""total"":8000.0}]"
ORD-CLN-00619,2026-08-20T10:00:00,مؤكد,CUST-00619,العميل رقم 619,+967771000619,client_619@example.com,صنعاء,السبعين,سريع,2000.0,كاش,تم الدفع,8000.0,YER,10000.0,"[{""sku"":""SKU-1"",""name"":""Product A"",""qty"":2,""unit_price"":4000.0,""total"":8000.0}]"
ORD-CLN-00620,2026-08-20T10:00:00,مؤكد,CUST-00620,العميل رقم 620,+967771000620,client_620@example.com,صنعاء,السبعين,سريع,2000.0,كاش,تم الدفع,8000.0,YER,10000.0,"[{""sku"":""SKU-1"",""name"":""Product A"",""qty"":2,""unit_price"":4000.0,""total"":8000.0}]"
ORD-CLN-00621,2026-08-20T10:00:00,مؤكد,CUST-00621,العميل رقم 621,+967771000621,client_621@example.com,صنعاء,السبعين,سريع,2000.0,كاش,تم الدفع,8000.0,YER,10000.0,"[{""sku"":""SKU-1"",""name"":""Product A"",""qty"":2,""unit_price"":4000.0,""total"":8000.0}]"
ORD-CLN-00622,2026-08-20T10:00:00,مؤكد,CUST-00622,العميل رقم 622,+967771000622,client_622@example.com,صنعاء,السبعين,سريع,2000.0,كاش,تم الدفع,8000.0,YER,10000.0,"[{""sku"":""SKU-1"",""name"":""Product A"",""qty"":2,""unit_price"":4000.0,""total"":8000.0}]"
ORD-CLN-00623,2026-08-20T10:00:00,مؤكد,CUST-00623,العميل رقم 623,+967771000623,client_623@example.com,صنعاء,السبعين,سريع,2000.0,كاش,تم الدفع,8000.0,YER,10000.0,"[{""sku"":""SKU-1"",""name"":""Product A"",""qty"":2,""unit_price"":4000.0,""total"":8000.0}]"
ORD-CLN-00624,2026-08-20T10:00:00,مؤكد,CUST-00624,العميل رقم 624,+967771000624,client_624@example.com,صنعاء,السبعين,سريع,2000.0,كاش,تم الدفع,8000.0,YER,10000.0,"[{""sku"":""SKU-1"",""name"":""Product A"",""qty"":2,""unit_price"":4000.0,""total"":8000.0}]"
ORD-CLN-00625,2026-08-20T10:00:00,مؤكد,CUST-00625,العميل رقم 625,+967771000625,client_625@example.com,صنعاء,السبعين,سريع,2000.0,كاش,تم الدفع,8000.0,YER,10000.0,"[{""sku"":""SKU-1"",""name"":""Product A"",""qty"":2,""unit_price"":4000.0,""total"":8000.0}]"
ORD-CLN-00626,2026-08-20T10:00:00,مؤكد,CUST-00626,العميل رقم 626,+967771000626,client_626@example.com,صنعاء,السبعين,سريع,2000.0,كاش,تم الدفع,8000.0,YER,10000.0,"[{""sku"":""SKU-1"",""name"":""Product A"",""qty"":2,""unit_price"":4000.0,""total"":8000.0}]"
ORD-CLN-00627,2026-08-20T10:00:00,مؤكد,CUST-00627,العميل رقم 627,+967771000627,client_627@example.com,صنعاء,السبعين,سريع,2000.0,كاش,تم الدفع,8000.0,YER,10000.0,"[{""sku"":""SKU-1"",""name"":""Product A"",""qty"":2,""unit_price"":4000.0,""total"":8000.0}]"
ORD-CLN-00628,2026-08-20T10:00:00,مؤكد,CUST-00628,العميل رقم 628,+967771000628,client_628@example.com,صنعاء,السبعين,سريع,2000.0,كاش,تم الدفع,8000.0,YER,10000.0,"[{""sku"":""SKU-1"",""name"":""Product A"",""qty"":2,""unit_price"":4000.0,""total"":8000.0}]"
ORD-CLN-00629,2026-08-20T10:00:00,مؤكد,CUST-00629,العميل رقم 629,+967771000629,client_629@example.com,صنعاء,السبعين,سريع,2000.0,كاش,تم الدفع,8000.0,YER,10000.0,"[{""sku"":""SKU-1"",""name"":""Product A"",""qty"":2,""unit_price"":4000.0,""total"":8000.0}]"
ORD-CLN-00630,2026-08-20T10:00:00,مؤكد,CUST-00630,العميل رقم 630,+967771000630,client_630@example.com,صنعاء,السبعين,سريع,2000.0,كاش,تم الدفع,8000.0,YER,10000.0,"[{""sku"":""SKU-1"",""name"":""Product A"",""qty"":2,""unit_price"":4000.0,""total"":8000.0}]"
ORD-CLN-00631,2026-08-20T10:00:00,مؤكد,CUST-00631,العميل رقم 631,+967771000631,client_631@example.com,صنعاء,السبعين,سريع,2000.0,كاش,تم الدفع,8000.0,YER,10000.0,"[{""sku"":""SKU-1"",""name"":""Product A"",""qty"":2,""unit_price"":4000.0,""total"":8000.0}]"
ORD-CLN-00632,2026-08-20T10:00:00,مؤكد,CUST-00632,العميل رقم 632,+967771000632,client_632@example.com,صنعاء,السبعين,سريع,2000.0,كاش,تم الدفع,8000.0,YER,10000.0,"[{""sku"":""SKU-1"",""name"":""Product A"",""qty"":2,""unit_price"":4000.0,""total"":8000.0}]"
ORD-CLN-00633,2026-08-20T10:00:00,مؤكد,CUST-00633,العميل رقم 633,+967771000633,client_633@example.com,صنعاء,السبعين,سريع,2000.0,كاش,تم الدفع,8000.0,YER,10000.0,"[{""sku"":""SKU-1"",""name"":""Product A"",""qty"":2,""unit_price"":4000.0,""total"":8000.0}]"
ORD-CLN-00634,2026-08-20T10:00:00,مؤكد,CUST-00634,العميل رقم 634,+967771000634,client_634@example.com,صنعاء,السبعين,سريع,2000.0,كاش,تم الدفع,8000.0,YER,10000.0,"[{""sku"":""SKU-1"",""name"":""Product A"",""qty"":2,""unit_price"":4000.0,""total"":8000.0}]"
ORD-CLN-00635,2026-08-20T10:00:00,مؤكد,CUST-00635,العميل رقم 635,+967771000635,client_635@example.com,صنعاء,السبعين,سريع,2000.0,كاش,تم الدفع,8000.0,YER,10000.0,"[{""sku"":""SKU-1"",""name"":""Product A"",""qty"":2,""unit_price"":4000.0,""total"":8000.0}]"
ORD-CLN-00636,2026-08-20T10:00:00,مؤكد,CUST-00636,العميل رقم 636,+967771000636,client_636@example.com,صنعاء,السبعين,سريع,2000.0,كاش,تم الدفع,8000.0,YER,10000.0,"[{""sku"":""SKU-1"",""name"":""Product A"",""qty"":2,""unit_price"":4000.0,""total"":8000.0}]"
ORD-CLN-00637,2026-08-20T10:00:00,مؤكد,CUST-00637,العميل رقم 637,+967771000637,client_637@example.com,صنعاء,السبعين,سريع,2000.0,كاش,تم الدفع,8000.0,YER,10000.0,"[{""sku"":""SKU-1"",""name"":""Product A"",""qty"":2,""unit_price"":4000.0,""total"":8000.0}]"
ORD-CLN-00638,2026-08-20T10:00:00,مؤكد,CUST-00638,العميل رقم 638,+967771000638,client_638@example.com,صنعاء,السبعين,سريع,2000.0,كاش,تم الدفع,8000.0,YER,10000.0,"[{""sku"":""SKU-1"",""name"":""Product A"",""qty"":2,""unit_price"":4000.0,""total"":8000.0}]"
ORD-CLN-00639,2026-08-20T10:00:00,مؤكد,CUST-00639,العميل رقم 639,+967771000639,client_639@example.com,صنعاء,السبعين,سريع,2000.0,كاش,تم الدفع,8000.0,YER,10000.0,"[{""sku"":""SKU-1"",""name"":""Product A"",""qty"":2,""unit_price"":4000.0,""total"":8000.0}]"
ORD-CLN-00640,2026-08-20T10:00:00,مؤكد,CUST-00640,العميل رقم 640,+967771000640,client_640@example.com,صنعاء,السبعين,سريع,2000.0,كاش,تم الدفع,8000.0,YER,10000.0,"[{""sku"":""SKU-1"",""name"":""Product A"",""qty"":2,""unit_price"":4000.0,""total"":8000.0}]"
ORD-CLN-00641,2026-08-20T10:00:00,مؤكد,CUST-00641,العميل رقم 641,+967771000641,client_641@example.com,صنعاء,السبعين,سريع,2000.0,كاش,تم الدفع,8000.0,YER,10000.0,"[{""sku"":""SKU-1"",""name"":""Product A"",""qty"":2,""unit_price"":4000.0,""total"":8000.0}]"
ORD-CLN-00642,2026-08-20T10:00:00,مؤكد,CUST-00642,العميل رقم 642,+967771000642,client_642@example.com,صنعاء,السبعين,سريع,2000.0,كاش,تم الدفع,8000.0,YER,10000.0,"[{""sku"":""SKU-1"",""name"":""Product A"",""qty"":2,""unit_price"":4000.0,""total"":8000.0}]"
ORD-CLN-00643,2026-08-20T10:00:00,مؤكد,CUST-00643,العميل رقم 643,+967771000643,client_643@example.com,صنعاء,السبعين,سريع,2000.0,كاش,تم الدفع,8000.0,YER,10000.0,"[{""sku"":""SKU-1"",""name"":""Product A"",""qty"":2,""unit_price"":4000.0,""total"":8000.0}]"
ORD-CLN-00644,2026-08-20T10:00:00,مؤكد,CUST-00644,العميل رقم 644,+967771000644,client_644@example.com,صنعاء,السبعين,سريع,2000.0,كاش,تم الدفع,8000.0,YER,10000.0,"[{""sku"":""SKU-1"",""name"":""Product A"",""qty"":2,""unit_price"":4000.0,""total"":8000.0}]"
ORD-CLN-00645,2026-08-20T10:00:00,مؤكد,CUST-00645,العميل رقم 645,+967771000645,client_645@example.com,صنعاء,السبعين,سريع,2000.0,كاش,تم الدفع,8000.0,YER,10000.0,"[{""sku"":""SKU-1"",""name"":""Product A"",""qty"":2,""unit_price"":4000.0,""total"":8000.0}]"
ORD-CLN-00646,2026-08-20T10:00:00,مؤكد,CUST-00646,العميل رقم 646,+967771000646,client_646@example.com,صنعاء,السبعين,سريع,2000.0,كاش,تم الدفع,8000.0,YER,10000.0,"[{""sku"":""SKU-1"",""name"":""Product A"",""qty"":2,""unit_price"":4000.0,""total"":8000.0}]"
ORD-CLN-00647,2026-08-20T10:00:00,مؤكد,CUST-00647,العميل رقم 647,+967771000647,client_647@example.com,صنعاء,السبعين,سريع,2000.0,كاش,تم الدفع,8000.0,YER,10000.0,"[{""sku"":""SKU-1"",""name"":""Product A"",""qty"":2,""unit_price"":4000.0,""total"":8000.0}]"
ORD-CLN-00648,2026-08-20T10:00:00,مؤكد,CUST-00648,العميل رقم 648,+967771000648,client_648@example.com,صنعاء,السبعين,سريع,2000.0,كاش,تم الدفع,8000.0,YER,10000.0,"[{""sku"":""SKU-1"",""name"":""Product A"",""qty"":2,""unit_price"":4000.0,""total"":8000.0}]"
ORD-CLN-00649,2026-08-20T10:00:00,مؤكد,CUST-00649,العميل رقم 649,+967771000649,client_649@example.com,صنعاء,السبعين,سريع,2000.0,كاش,تم الدفع,8000.0,YER,10000.0,"[{""sku"":""SKU-1"",""name"":""Product A"",""qty"":2,""unit_price"":4000.0,""total"":8000.0}]"
ORD-CLN-00650,2026-08-20T10:00:00,مؤكد,CUST-00650,العميل رقم 650,+967771000650,client_650@example.com,صنعاء,السبعين,سريع,2000.0,كاش,تم الدفع,8000.0,YER,10000.0,"[{""sku"":""SKU-1"",""name"":""Product A"",""qty"":2,""unit_price"":4000.0,""total"":8000.0}]"
ORD-CLN-00651,2026-08-20T10:00:00,مؤكد,CUST-00651,العميل رقم 651,+967771000651,client_651@example.com,صنعاء,السبعين,سريع,2000.0,كاش,تم الدفع,8000.0,YER,10000.0,"[{""sku"":""SKU-1"",""name"":""Product A"",""qty"":2,""unit_price"":4000.0,""total"":8000.0}]"
ORD-CLN-00652,2026-08-20T10:00:00,مؤكد,CUST-00652,العميل رقم 652,+967771000652,client_652@example.com,صنعاء,السبعين,سريع,2000.0,كاش,تم الدفع,8000.0,YER,10000.0,"[{""sku"":""SKU-1"",""name"":""Product A"",""qty"":2,""unit_price"":4000.0,""total"":8000.0}]"
ORD-CLN-00653,2026-08-20T10:00:00,مؤكد,CUST-00653,العميل رقم 653,+967771000653,client_653@example.com,صنعاء,السبعين,سريع,2000.0,كاش,تم الدفع,8000.0,YER,10000.0,"[{""sku"":""SKU-1"",""name"":""Product A"",""qty"":2,""unit_price"":4000.0,""total"":8000.0}]"
ORD-CLN-00654,2026-08-20T10:00:00,مؤكد,CUST-00654,العميل رقم 654,+967771000654,client_654@example.com,صنعاء,السبعين,سريع,2000.0,كاش,تم الدفع,8000.0,YER,10000.0,"[{""sku"":""SKU-1"",""name"":""Product A"",""qty"":2,""unit_price"":4000.0,""total"":8000.0}]"
ORD-CLN-00655,2026-08-20T10:00:00,مؤكد,CUST-00655,العميل رقم 655,+967771000655,client_655@example.com,صنعاء,السبعين,سريع,2000.0,كاش,تم الدفع,8000.0,YER,10000.0,"[{""sku"":""SKU-1"",""name"":""Product A"",""qty"":2,""unit_price"":4000.0,""total"":8000.0}]"
ORD-CLN-00656,2026-08-20T10:00:00,مؤكد,CUST-00656,العميل رقم 656,+967771000656,client_656@example.com,صنعاء,السبعين,سريع,2000.0,كاش,تم الدفع,8000.0,YER,10000.0,"[{""sku"":""SKU-1"",""name"":""Product A"",""qty"":2,""unit_price"":4000.0,""total"":8000.0}]"
ORD-CLN-00657,2026-08-20T10:00:00,مؤكد,CUST-00657,العميل رقم 657,+967771000657,client_657@example.com,صنعاء,السبعين,سريع,2000.0,كاش,تم الدفع,8000.0,YER,10000.0,"[{""sku"":""SKU-1"",""name"":""Product A"",""qty"":2,""unit_price"":4000.0,""total"":8000.0}]"
ORD-CLN-00658,2026-08-20T10:00:00,مؤكد,CUST-00658,العميل رقم 658,+967771000658,client_658@example.com,صنعاء,السبعين,سريع,2000.0,كاش,تم الدفع,8000.0,YER,10000.0,"[{""sku"":""SKU-1"",""name"":""Product A"",""qty"":2,""unit_price"":4000.0,""total"":8000.0}]"
ORD-CLN-00659,2026-08-20T10:00:00,مؤكد,CUST-00659,العميل رقم 659,+967771000659,client_659@example.com,صنعاء,السبعين,سريع,2000.0,كاش,تم الدفع,8000.0,YER,10000.0,"[{""sku"":""SKU-1"",""name"":""Product A"",""qty"":2,""unit_price"":4000.0,""total"":8000.0}]"
ORD-CLN-00660,2026-08-20T10:00:00,مؤكد,CUST-00660,العميل رقم 660,+967771000660,client_660@example.com,صنعاء,السبعين,سريع,2000.0,كاش,تم الدفع,8000.0,YER,10000.0,"[{""sku"":""SKU-1"",""name"":""Product A"",""qty"":2,""unit_price"":4000.0,""total"":8000.0}]"
ORD-CLN-00661,2026-08-20T10:00:00,مؤكد,CUST-00661,العميل رقم 661,+967771000661,client_661@example.com,صنعاء,السبعين,سريع,2000.0,كاش,تم الدفع,8000.0,YER,10000.0,"[{""sku"":""SKU-1"",""name"":""Product A"",""qty"":2,""unit_price"":4000.0,""total"":8000.0}]"
ORD-CLN-00662,2026-08-20T10:00:00,مؤكد,CUST-00662,العميل رقم 662,+967771000662,client_662@example.com,صنعاء,السبعين,سريع,2000.0,كاش,تم الدفع,8000.0,YER,10000.0,"[{""sku"":""SKU-1"",""name"":""Product A"",""qty"":2,""unit_price"":4000.0,""total"":8000.0}]"
ORD-CLN-00663,2026-08-20T10:00:00,مؤكد,CUST-00663,العميل رقم 663,+967771000663,client_663@example.com,صنعاء,السبعين,سريع,2000.0,كاش,تم الدفع,8000.0,YER,10000.0,"[{""sku"":""SKU-1"",""name"":""Product A"",""qty"":2,""unit_price"":4000.0,""total"":8000.0}]"
ORD-CLN-00664,2026-08-20T10:00:00,مؤكد,CUST-00664,العميل رقم 664,+967771000664,client_664@example.com,صنعاء,السبعين,سريع,2000.0,كاش,تم الدفع,8000.0,YER,10000.0,"[{""sku"":""SKU-1"",""name"":""Product A"",""qty"":2,""unit_price"":4000.0,""total"":8000.0}]"
ORD-CLN-00665,2026-08-20T10:00:00,مؤكد,CUST-00665,العميل رقم 665,+967771000665,client_665@example.com,صنعاء,السبعين,سريع,2000.0,كاش,تم الدفع,8000.0,YER,10000.0,"[{""sku"":""SKU-1"",""name"":""Product A"",""qty"":2,""unit_price"":4000.0,""total"":8000.0}]"
ORD-CLN-00666,2026-08-20T10:00:00,مؤكد,CUST-00666,العميل رقم 666,+967771000666,client_666@example.com,صنعاء,السبعين,سريع,2000.0,كاش,تم الدفع,8000.0,YER,10000.0,"[{""sku"":""SKU-1"",""name"":""Product A"",""qty"":2,""unit_price"":4000.0,""total"":8000.0}]"
ORD-CLN-00667,2026-08-20T10:00:00,مؤكد,CUST-00667,العميل رقم 667,+967771000667,client_667@example.com,صنعاء,السبعين,سريع,2000.0,كاش,تم الدفع,8000.0,YER,10000.0,"[{""sku"":""SKU-1"",""name"":""Product A"",""qty"":2,""unit_price"":4000.0,""total"":8000.0}]"
ORD-CLN-00668,2026-08-20T10:00:00,مؤكد,CUST-00668,العميل رقم 668,+967771000668,client_668@example.com,صنعاء,السبعين,سريع,2000.0,كاش,تم الدفع,8000.0,YER,10000.0,"[{""sku"":""SKU-1"",""name"":""Product A"",""qty"":2,""unit_price"":4000.0,""total"":8000.0}]"
ORD-CLN-00669,2026-08-20T10:00:00,مؤكد,CUST-00669,العميل رقم 669,+967771000669,client_669@example.com,صنعاء,السبعين,سريع,2000.0,كاش,تم الدفع,8000.0,YER,10000.0,"[{""sku"":""SKU-1"",""name"":""Product A"",""qty"":2,""unit_price"":4000.0,""total"":8000.0}]"
ORD-CLN-00670,2026-08-20T10:00:00,مؤكد,CUST-00670,العميل رقم 670,+967771000670,client_670@example.com,صنعاء,السبعين,سريع,2000.0,كاش,تم الدفع,8000.0,YER,10000.0,"[{""sku"":""SKU-1"",""name"":""Product A"",""qty"":2,""unit_price"":4000.0,""total"":8000.0}]"
ORD-CLN-00671,2026-08-20T10:00:00,مؤكد,CUST-00671,العميل رقم 671,+967771000671,client_671@example.com,صنعاء,السبعين,سريع,2000.0,كاش,تم الدفع,8000.0,YER,10000.0,"[{""sku"":""SKU-1"",""name"":""Product A"",""qty"":2,""unit_price"":4000.0,""total"":8000.0}]"
ORD-CLN-00672,2026-08-20T10:00:00,مؤكد,CUST-00672,العميل رقم 672,+967771000672,client_672@example.com,صنعاء,السبعين,سريع,2000.0,كاش,تم الدفع,8000.0,YER,10000.0,"[{""sku"":""SKU-1"",""name"":""Product A"",""qty"":2,""unit_price"":4000.0,""total"":8000.0}]"
ORD-CLN-00673,2026-08-20T10:00:00,مؤكد,CUST-00673,العميل رقم 673,+967771000673,client_673@example.com,صنعاء,السبعين,سريع,2000.0,كاش,تم الدفع,8000.0,YER,10000.0,"[{""sku"":""SKU-1"",""name"":""Product A"",""qty"":2,""unit_price"":4000.0,""total"":8000.0}]"
ORD-CLN-00674,2026-08-20T10:00:00,مؤكد,CUST-00674,العميل رقم 674,+967771000674,client_674@example.com,صنعاء,السبعين,سريع,2000.0,كاش,تم الدفع,8000.0,YER,10000.0,"[{""sku"":""SKU-1"",""name"":""Product A"",""qty"":2,""unit_price"":4000.0,""total"":8000.0}]"
ORD-CLN-00675,2026-08-20T10:00:00,مؤكد,CUST-00675,العميل رقم 675,+967771000675,client_675@example.com,صنعاء,السبعين,سريع,2000.0,كاش,تم الدفع,8000.0,YER,10000.0,"[{""sku"":""SKU-1"",""name"":""Product A"",""qty"":2,""unit_price"":4000.0,""total"":8000.0}]"
ORD-CLN-00676,2026-08-20T10:00:00,مؤكد,CUST-00676,العميل رقم 676,+967771000676,client_676@example.com,صنعاء,السبعين,سريع,2000.0,كاش,تم الدفع,8000.0,YER,10000.0,"[{""sku"":""SKU-1"",""name"":""Product A"",""qty"":2,""unit_price"":4000.0,""total"":8000.0}]"
ORD-CLN-00677,2026-08-20T10:00:00,مؤكد,CUST-00677,العميل رقم 677,+967771000677,client_677@example.com,صنعاء,السبعين,سريع,2000.0,كاش,تم الدفع,8000.0,YER,10000.0,"[{""sku"":""SKU-1"",""name"":""Product A"",""qty"":2,""unit_price"":4000.0,""total"":8000.0}]"
ORD-CLN-00678,2026-08-20T10:00:00,مؤكد,CUST-00678,العميل رقم 678,+967771000678,client_678@example.com,صنعاء,السبعين,سريع,2000.0,كاش,تم الدفع,8000.0,YER,10000.0,"[{""sku"":""SKU-1"",""name"":""Product A"",""qty"":2,""unit_price"":4000.0,""total"":8000.0}]"
ORD-CLN-00679,2026-08-20T10:00:00,مؤكد,CUST-00679,العميل رقم 679,+967771000679,client_679@example.com,صنعاء,السبعين,سريع,2000.0,كاش,تم الدفع,8000.0,YER,10000.0,"[{""sku"":""SKU-1"",""name"":""Product A"",""qty"":2,""unit_price"":4000.0,""total"":8000.0}]"
ORD-CLN-00680,2026-08-20T10:00:00,مؤكد,CUST-00680,العميل رقم 680,+967771000680,client_680@example.com,صنعاء,السبعين,سريع,2000.0,كاش,تم الدفع,8000.0,YER,10000.0,"[{""sku"":""SKU-1"",""name"":""Product A"",""qty"":2,""unit_price"":4000.0,""total"":8000.0}]"
ORD-CLN-00681,2026-08-20T10:00:00,مؤكد,CUST-00681,العميل رقم 681,+967771000681,client_681@example.com,صنعاء,السبعين,سريع,2000.0,كاش,تم الدفع,8000.0,YER,10000.0,"[{""sku"":""SKU-1"",""name"":""Product A"",""qty"":2,""unit_price"":4000.0,""total"":8000.0}]"
ORD-CLN-00682,2026-08-20T10:00:00,مؤكد,CUST-00682,العميل رقم 682,+967771000682,client_682@example.com,صنعاء,السبعين,سريع,2000.0,كاش,تم الدفع,8000.0,YER,10000.0,"[{""sku"":""SKU-1"",""name"":""Product A"",""qty"":2,""unit_price"":4000.0,""total"":8000.0}]"
ORD-CLN-00683,2026-08-20T10:00:00,مؤكد,CUST-00683,العميل رقم 683,+967771000683,client_683@example.com,صنعاء,السبعين,سريع,2000.0,كاش,تم الدفع,8000.0,YER,10000.0,"[{""sku"":""SKU-1"",""name"":""Product A"",""qty"":2,""unit_price"":4000.0,""total"":8000.0}]"
ORD-CLN-00684,2026-08-20T10:00:00,مؤكد,CUST-00684,العميل رقم 684,+967771000684,client_684@example.com,صنعاء,السبعين,سريع,2000.0,كاش,تم الدفع,8000.0,YER,10000.0,"[{""sku"":""SKU-1"",""name"":""Product A"",""qty"":2,""unit_price"":4000.0,""total"":8000.0}]"
ORD-CLN-00685,2026-08-20T10:00:00,مؤكد,CUST-00685,العميل رقم 685,+967771000685,client_685@example.com,صنعاء,السبعين,سريع,2000.0,كاش,تم الدفع,8000.0,YER,10000.0,"[{""sku"":""SKU-1"",""name"":""Product A"",""qty"":2,""unit_price"":4000.0,""total"":8000.0}]"
ORD-CLN-00686,2026-08-20T10:00:00,مؤكد,CUST-00686,العميل رقم 686,+967771000686,client_686@example.com,صنعاء,السبعين,سريع,2000.0,كاش,تم الدفع,8000.0,YER,10000.0,"[{""sku"":""SKU-1"",""name"":""Product A"",""qty"":2,""unit_price"":4000.0,""total"":8000.0}]"
ORD-CLN-00687,2026-08-20T10:00:00,مؤكد,CUST-00687,العميل رقم 687,+967771000687,client_687@example.com,صنعاء,السبعين,سريع,2000.0,كاش,تم الدفع,8000.0,YER,10000.0,"[{""sku"":""SKU-1"",""name"":""Product A"",""qty"":2,""unit_price"":4000.0,""total"":8000.0}]"
ORD-CLN-00688,2026-08-20T10:00:00,مؤكد,CUST-00688,العميل رقم 688,+967771000688,client_688@example.com,صنعاء,السبعين,سريع,2000.0,كاش,تم الدفع,8000.0,YER,10000.0,"[{""sku"":""SKU-1"",""name"":""Product A"",""qty"":2,""unit_price"":4000.0,""total"":8000.0}]"
ORD-CLN-00689,2026-08-20T10:00:00,مؤكد,CUST-00689,العميل رقم 689,+967771000689,client_689@example.com,صنعاء,السبعين,سريع,2000.0,كاش,تم الدفع,8000.0,YER,10000.0,"[{""sku"":""SKU-1"",""name"":""Product A"",""qty"":2,""unit_price"":4000.0,""total"":8000.0}]"
ORD-CLN-00690,2026-08-20T10:00:00,مؤكد,CUST-00690,العميل رقم 690,+967771000690,client_690@example.com,صنعاء,السبعين,سريع,2000.0,كاش,تم الدفع,8000.0,YER,10000.0,"[{""sku"":""SKU-1"",""name"":""Product A"",""qty"":2,""unit_price"":4000.0,""total"":8000.0}]"
ORD-CLN-00691,2026-08-20T10:00:00,مؤكد,CUST-00691,العميل رقم 691,+967771000691,client_691@example.com,صنعاء,السبعين,سريع,2000.0,كاش,تم الدفع,8000.0,YER,10000.0,"[{""sku"":""SKU-1"",""name"":""Product A"",""qty"":2,""unit_price"":4000.0,""total"":8000.0}]"
ORD-CLN-00692,2026-08-20T10:00:00,مؤكد,CUST-00692,العميل رقم 692,+967771000692,client_692@example.com,صنعاء,السبعين,سريع,2000.0,كاش,تم الدفع,8000.0,YER,10000.0,"[{""sku"":""SKU-1"",""name"":""Product A"",""qty"":2,""unit_price"":4000.0,""total"":8000.0}]"
ORD-CLN-00693,2026-08-20T10:00:00,مؤكد,CUST-00693,العميل رقم 693,+967771000693,client_693@example.com,صنعاء,السبعين,سريع,2000.0,كاش,تم الدفع,8000.0,YER,10000.0,"[{""sku"":""SKU-1"",""name"":""Product A"",""qty"":2,""unit_price"":4000.0,""total"":8000.0}]"
ORD-CLN-00694,2026-08-20T10:00:00,مؤكد,CUST-00694,العميل رقم 694,+967771000694,client_694@example.com,صنعاء,السبعين,سريع,2000.0,كاش,تم الدفع,8000.0,YER,10000.0,"[{""sku"":""SKU-1"",""name"":""Product A"",""qty"":2,""unit_price"":4000.0,""total"":8000.0}]"
ORD-CLN-00695,2026-08-20T10:00:00,مؤكد,CUST-00695,العميل رقم 695,+967771000695,client_695@example.com,صنعاء,السبعين,سريع,2000.0,كاش,تم الدفع,8000.0,YER,10000.0,"[{""sku"":""SKU-1"",""name"":""Product A"",""qty"":2,""unit_price"":4000.0,""total"":8000.0}]"
ORD-CLN-00696,2026-08-20T10:00:00,مؤكد,CUST-00696,العميل رقم 696,+967771000696,client_696@example.com,صنعاء,السبعين,سريع,2000.0,كاش,تم الدفع,8000.0,YER,10000.0,"[{""sku"":""SKU-1"",""name"":""Product A"",""qty"":2,""unit_price"":4000.0,""total"":8000.0}]"
ORD-CLN-00697,2026-08-20T10:00:00,مؤكد,CUST-00697,العميل رقم 697,+967771000697,client_697@example.com,صنعاء,السبعين,سريع,2000.0,كاش,تم الدفع,8000.0,YER,10000.0,"[{""sku"":""SKU-1"",""name"":""Product A"",""qty"":2,""unit_price"":4000.0,""total"":8000.0}]"
ORD-CLN-00698,2026-08-20T10:00:00,مؤكد,CUST-00698,العميل رقم 698,+967771000698,client_698@example.com,صنعاء,السبعين,سريع,2000.0,كاش,تم الدفع,8000.0,YER,10000.0,"[{""sku"":""SKU-1"",""name"":""Product A"",""qty"":2,""unit_price"":4000.0,""total"":8000.0}]"
ORD-CLN-00699,2026-08-20T10:00:00,مؤكد,CUST-00699,العميل رقم 699,+967771000699,client_699@example.com,صنعاء,السبعين,سريع,2000.0,كاش,تم الدفع,8000.0,YER,10000.0,"[{""sku"":""SKU-1"",""name"":""Product A"",""qty"":2,""unit_price"":4000.0,""total"":8000.0}]"
ORD-CLN-00700,2026-08-20T10:00:00,مؤكد,CUST-00700,العميل رقم 700,+967771000700,client_700@example.com,صنعاء,السبعين,سريع,2000.0,كاش,تم الدفع,8000.0,YER,10000.0,"[{""sku"":""SKU-1"",""name"":""Product A"",""qty"":2,""unit_price"":4000.0,""total"":8000.0}]"
ORD-DIRTY-0001,25/08/2026,مدفوع,CUST-D0001,  محمد  علي 1 ,٠٠٩٦٧٧٧٢000001,user.1@@gmail...com, عدن , المنصورة , عادي ,"2,000.00 ريال يمني", بطاقة ,دفع,خمسة آلاف,ر.ي,7000,"[{""sku"":""ITEM-A"",""name"":""Item A"",""qty"":1,""unit_price"":5000.0,""total"":5000.0}]"
ORD-DIRTY-0002,25/08/2026,مدفوع,CUST-D0002,  محمد  علي 2 ,٠٠٩٦٧٧٧٢000002,user.2@@gmail...com, عدن , المنصورة , عادي ,"2,000.00 ريال يمني", بطاقة ,دفع,خمسة آلاف,ر.ي,7000,"[{""sku"":""ITEM-A"",""name"":""Item A"",""qty"":1,""unit_price"":5000.0,""total"":5000.0}]"
ORD-DIRTY-0003,25/08/2026,مدفوع,CUST-D0003,  محمد  علي 3 ,٠٠٩٦٧٧٧٢000003,user.3@@gmail...com, عدن , المنصورة , عادي ,"2,000.00 ريال يمني", بطاقة ,دفع,خمسة آلاف,ر.ي,7000,"[{""sku"":""ITEM-A"",""name"":""Item A"",""qty"":1,""unit_price"":5000.0,""total"":5000.0}]"
ORD-DIRTY-0004,25/08/2026,مدفوع,CUST-D0004,  محمد  علي 4 ,٠٠٩٦٧٧٧٢000004,user.4@@gmail...com, عدن , المنصورة , عادي ,"2,000.00 ريال يمني", بطاقة ,دفع,خمسة آلاف,ر.ي,7000,"[{""sku"":""ITEM-A"",""name"":""Item A"",""qty"":1,""unit_price"":5000.0,""total"":5000.0}]"
ORD-DIRTY-0005,25/08/2026,مدفوع,CUST-D0005,  محمد  علي 5 ,٠٠٩٦٧٧٧٢000005,user.5@@gmail...com, عدن , المنصورة , عادي ,"2,000.00 ريال يمني", بطاقة ,دفع,خمسة آلاف,ر.ي,7000,"[{""sku"":""ITEM-A"",""name"":""Item A"",""qty"":1,""unit_price"":5000.0,""total"":5000.0}]"
ORD-DIRTY-0006,25/08/2026,مدفوع,CUST-D0006,  محمد  علي 6 ,٠٠٩٦٧٧٧٢000006,user.6@@gmail...com, عدن , المنصورة , عادي ,"2,000.00 ريال يمني", بطاقة ,دفع,خمسة آلاف,ر.ي,7000,"[{""sku"":""ITEM-A"",""name"":""Item A"",""qty"":1,""unit_price"":5000.0,""total"":5000.0}]"
ORD-DIRTY-0007,25/08/2026,مدفوع,CUST-D0007,  محمد  علي 7 ,٠٠٩٦٧٧٧٢000007,user.7@@gmail...com, عدن , المنصورة , عادي ,"2,000.00 ريال يمني", بطاقة ,دفع,خمسة آلاف,ر.ي,7000,"[{""sku"":""ITEM-A"",""name"":""Item A"",""qty"":1,""unit_price"":5000.0,""total"":5000.0}]"
ORD-DIRTY-0008,25/08/2026,مدفوع,CUST-D0008,  محمد  علي 8 ,٠٠٩٦٧٧٧٢000008,user.8@@gmail...com, عدن , المنصورة , عادي ,"2,000.00 ريال يمني", بطاقة ,دفع,خمسة آلاف,ر.ي,7000,"[{""sku"":""ITEM-A"",""name"":""Item A"",""qty"":1,""unit_price"":5000.0,""total"":5000.0}]"
ORD-DIRTY-0009,25/08/2026,مدفوع,CUST-D0009,  محمد  علي 9 ,٠٠٩٦٧٧٧٢000009,user.9@@gmail...com, عدن , المنصورة , عادي ,"2,000.00 ريال يمني", بطاقة ,دفع,خمسة آلاف,ر.ي,7000,"[{""sku"":""ITEM-A"",""name"":""Item A"",""qty"":1,""unit_price"":5000.0,""total"":5000.0}]"
ORD-DIRTY-0010,25/08/2026,مدفوع,CUST-D0010,  محمد  علي 10 ,٠٠٩٦٧٧٧٢000010,user.10@@gmail...com, عدن , المنصورة , عادي ,"2,000.00 ريال يمني", بطاقة ,دفع,خمسة آلاف,ر.ي,7000,"[{""sku"":""ITEM-A"",""name"":""Item A"",""qty"":1,""unit_price"":5000.0,""total"":5000.0}]"
ORD-DIRTY-0011,25/08/2026,مدفوع,CUST-D0011,  محمد  علي 11 ,٠٠٩٦٧٧٧٢000011,user.11@@gmail...com, عدن , المنصورة , عادي ,"2,000.00 ريال يمني", بطاقة ,دفع,خمسة آلاف,ر.ي,7000,"[{""sku"":""ITEM-A"",""name"":""Item A"",""qty"":1,""unit_price"":5000.0,""total"":5000.0}]"
ORD-DIRTY-0012,25/08/2026,مدفوع,CUST-D0012,  محمد  علي 12 ,٠٠٩٦٧٧٧٢000012,user.12@@gmail...com, عدن , المنصورة , عادي ,"2,000.00 ريال يمني", بطاقة ,دفع,خمسة آلاف,ر.ي,7000,"[{""sku"":""ITEM-A"",""name"":""Item A"",""qty"":1,""unit_price"":5000.0,""total"":5000.0}]"
ORD-DIRTY-0013,25/08/2026,مدفوع,CUST-D0013,  محمد  علي 13 ,٠٠٩٦٧٧٧٢000013,user.13@@gmail...com, عدن , المنصورة , عادي ,"2,000.00 ريال يمني", بطاقة ,دفع,خمسة آلاف,ر.ي,7000,"[{""sku"":""ITEM-A"",""name"":""Item A"",""qty"":1,""unit_price"":5000.0,""total"":5000.0}]"
ORD-DIRTY-0014,25/08/2026,مدفوع,CUST-D0014,  محمد  علي 14 ,٠٠٩٦٧٧٧٢000014,user.14@@gmail...com, عدن , المنصورة , عادي ,"2,000.00 ريال يمني", بطاقة ,دفع,خمسة آلاف,ر.ي,7000,"[{""sku"":""ITEM-A"",""name"":""Item A"",""qty"":1,""unit_price"":5000.0,""total"":5000.0}]"
ORD-DIRTY-0015,25/08/2026,مدفوع,CUST-D0015,  محمد  علي 15 ,٠٠٩٦٧٧٧٢000015,user.15@@gmail...com, عدن , المنصورة , عادي ,"2,000.00 ريال يمني", بطاقة ,دفع,خمسة آلاف,ر.ي,7000,"[{""sku"":""ITEM-A"",""name"":""Item A"",""qty"":1,""unit_price"":5000.0,""total"":5000.0}]"
ORD-DIRTY-0016,25/08/2026,مدفوع,CUST-D0016,  محمد  علي 16 ,٠٠٩٦٧٧٧٢000016,user.16@@gmail...com, عدن , المنصورة , عادي ,"2,000.00 ريال يمني", بطاقة ,دفع,خمسة آلاف,ر.ي,7000,"[{""sku"":""ITEM-A"",""name"":""Item A"",""qty"":1,""unit_price"":5000.0,""total"":5000.0}]"
ORD-DIRTY-0017,25/08/2026,مدفوع,CUST-D0017,  محمد  علي 17 ,٠٠٩٦٧٧٧٢000017,user.17@@gmail...com, عدن , المنصورة , عادي ,"2,000.00 ريال يمني", بطاقة ,دفع,خمسة آلاف,ر.ي,7000,"[{""sku"":""ITEM-A"",""name"":""Item A"",""qty"":1,""unit_price"":5000.0,""total"":5000.0}]"
ORD-DIRTY-0018,25/08/2026,مدفوع,CUST-D0018,  محمد  علي 18 ,٠٠٩٦٧٧٧٢000018,user.18@@gmail...com, عدن , المنصورة , عادي ,"2,000.00 ريال يمني", بطاقة ,دفع,خمسة آلاف,ر.ي,7000,"[{""sku"":""ITEM-A"",""name"":""Item A"",""qty"":1,""unit_price"":5000.0,""total"":5000.0}]"
ORD-DIRTY-0019,25/08/2026,مدفوع,CUST-D0019,  محمد  علي 19 ,٠٠٩٦٧٧٧٢000019,user.19@@gmail...com, عدن , المنصورة , عادي ,"2,000.00 ريال يمني", بطاقة ,دفع,خمسة آلاف,ر.ي,7000,"[{""sku"":""ITEM-A"",""name"":""Item A"",""qty"":1,""unit_price"":5000.0,""total"":5000.0}]"
ORD-DIRTY-0020,25/08/2026,مدفوع,CUST-D0020,  محمد  علي 20 ,٠٠٩٦٧٧٧٢000020,user.20@@gmail...com, عدن , المنصورة , عادي ,"2,000.00 ريال يمني", بطاقة ,دفع,خمسة آلاف,ر.ي,7000,"[{""sku"":""ITEM-A"",""name"":""Item A"",""qty"":1,""unit_price"":5000.0,""total"":5000.0}]"
ORD-DIRTY-0021,25/08/2026,مدفوع,CUST-D0021,  محمد  علي 21 ,٠٠٩٦٧٧٧٢000021,user.21@@gmail...com, عدن , المنصورة , عادي ,"2,000.00 ريال يمني", بطاقة ,دفع,خمسة آلاف,ر.ي,7000,"[{""sku"":""ITEM-A"",""name"":""Item A"",""qty"":1,""unit_price"":5000.0,""total"":5000.0}]"
ORD-DIRTY-0022,25/08/2026,مدفوع,CUST-D0022,  محمد  علي 22 ,٠٠٩٦٧٧٧٢000022,user.22@@gmail...com, عدن , المنصورة , عادي ,"2,000.00 ريال يمني", بطاقة ,دفع,خمسة آلاف,ر.ي,7000,"[{""sku"":""ITEM-A"",""name"":""Item A"",""qty"":1,""unit_price"":5000.0,""total"":5000.0}]"
ORD-DIRTY-0023,25/08/2026,مدفوع,CUST-D0023,  محمد  علي 23 ,٠٠٩٦٧٧٧٢000023,user.23@@gmail...com, عدن , المنصورة , عادي ,"2,000.00 ريال يمني", بطاقة ,دفع,خمسة آلاف,ر.ي,7000,"[{""sku"":""ITEM-A"",""name"":""Item A"",""qty"":1,""unit_price"":5000.0,""total"":5000.0}]"
ORD-DIRTY-0024,25/08/2026,مدفوع,CUST-D0024,  محمد  علي 24 ,٠٠٩٦٧٧٧٢000024,user.24@@gmail...com, عدن , المنصورة , عادي ,"2,000.00 ريال يمني", بطاقة ,دفع,خمسة آلاف,ر.ي,7000,"[{""sku"":""ITEM-A"",""name"":""Item A"",""qty"":1,""unit_price"":5000.0,""total"":5000.0}]"
ORD-DIRTY-0025,25/08/2026,مدفوع,CUST-D0025,  محمد  علي 25 ,٠٠٩٦٧٧٧٢000025,user.25@@gmail...com, عدن , المنصورة , عادي ,"2,000.00 ريال يمني", بطاقة ,دفع,خمسة آلاف,ر.ي,7000,"[{""sku"":""ITEM-A"",""name"":""Item A"",""qty"":1,""unit_price"":5000.0,""total"":5000.0}]"
ORD-DIRTY-0026,25/08/2026,مدفوع,CUST-D0026,  محمد  علي 26 ,٠٠٩٦٧٧٧٢000026,user.26@@gmail...com, عدن , المنصورة , عادي ,"2,000.00 ريال يمني", بطاقة ,دفع,خمسة آلاف,ر.ي,7000,"[{""sku"":""ITEM-A"",""name"":""Item A"",""qty"":1,""unit_price"":5000.0,""total"":5000.0}]"
ORD-DIRTY-0027,25/08/2026,مدفوع,CUST-D0027,  محمد  علي 27 ,٠٠٩٦٧٧٧٢000027,user.27@@gmail...com, عدن , المنصورة , عادي ,"2,000.00 ريال يمني", بطاقة ,دفع,خمسة آلاف,ر.ي,7000,"[{""sku"":""ITEM-A"",""name"":""Item A"",""qty"":1,""unit_price"":5000.0,""total"":5000.0}]"
ORD-DIRTY-0028,25/08/2026,مدفوع,CUST-D0028,  محمد  علي 28 ,٠٠٩٦٧٧٧٢000028,user.28@@gmail...com, عدن , المنصورة , عادي ,"2,000.00 ريال يمني", بطاقة ,دفع,خمسة آلاف,ر.ي,7000,"[{""sku"":""ITEM-A"",""name"":""Item A"",""qty"":1,""unit_price"":5000.0,""total"":5000.0}]"
ORD-DIRTY-0029,25/08/2026,مدفوع,CUST-D0029,  محمد  علي 29 ,٠٠٩٦٧٧٧٢000029,user.29@@gmail...com, عدن , المنصورة , عادي ,"2,000.00 ريال يمني", بطاقة ,دفع,خمسة آلاف,ر.ي,7000,"[{""sku"":""ITEM-A"",""name"":""Item A"",""qty"":1,""unit_price"":5000.0,""total"":5000.0}]"
ORD-DIRTY-0030,25/08/2026,مدفوع,CUST-D0030,  محمد  علي 30 ,٠٠٩٦٧٧٧٢000030,user.30@@gmail...com, عدن , المنصورة , عادي ,"2,000.00 ريال يمني", بطاقة ,دفع,خمسة آلاف,ر.ي,7000,"[{""sku"":""ITEM-A"",""name"":""Item A"",""qty"":1,""unit_price"":5000.0,""total"":5000.0}]"
ORD-DIRTY-0031,25/08/2026,مدفوع,CUST-D0031,  محمد  علي 31 ,٠٠٩٦٧٧٧٢000031,user.31@@gmail...com, عدن , المنصورة , عادي ,"2,000.00 ريال يمني", بطاقة ,دفع,خمسة آلاف,ر.ي,7000,"[{""sku"":""ITEM-A"",""name"":""Item A"",""qty"":1,""unit_price"":5000.0,""total"":5000.0}]"
ORD-DIRTY-0032,25/08/2026,مدفوع,CUST-D0032,  محمد  علي 32 ,٠٠٩٦٧٧٧٢000032,user.32@@gmail...com, عدن , المنصورة , عادي ,"2,000.00 ريال يمني", بطاقة ,دفع,خمسة آلاف,ر.ي,7000,"[{""sku"":""ITEM-A"",""name"":""Item A"",""qty"":1,""unit_price"":5000.0,""total"":5000.0}]"
ORD-DIRTY-0033,25/08/2026,مدفوع,CUST-D0033,  محمد  علي 33 ,٠٠٩٦٧٧٧٢000033,user.33@@gmail...com, عدن , المنصورة , عادي ,"2,000.00 ريال يمني", بطاقة ,دفع,خمسة آلاف,ر.ي,7000,"[{""sku"":""ITEM-A"",""name"":""Item A"",""qty"":1,""unit_price"":5000.0,""total"":5000.0}]"
ORD-DIRTY-0034,25/08/2026,مدفوع,CUST-D0034,  محمد  علي 34 ,٠٠٩٦٧٧٧٢000034,user.34@@gmail...com, عدن , المنصورة , عادي ,"2,000.00 ريال يمني", بطاقة ,دفع,خمسة آلاف,ر.ي,7000,"[{""sku"":""ITEM-A"",""name"":""Item A"",""qty"":1,""unit_price"":5000.0,""total"":5000.0}]"
ORD-DIRTY-0035,25/08/2026,مدفوع,CUST-D0035,  محمد  علي 35 ,٠٠٩٦٧٧٧٢000035,user.35@@gmail...com, عدن , المنصورة , عادي ,"2,000.00 ريال يمني", بطاقة ,دفع,خمسة آلاف,ر.ي,7000,"[{""sku"":""ITEM-A"",""name"":""Item A"",""qty"":1,""unit_price"":5000.0,""total"":5000.0}]"
ORD-DIRTY-0036,25/08/2026,مدفوع,CUST-D0036,  محمد  علي 36 ,٠٠٩٦٧٧٧٢000036,user.36@@gmail...com, عدن , المنصورة , عادي ,"2,000.00 ريال يمني", بطاقة ,دفع,خمسة آلاف,ر.ي,7000,"[{""sku"":""ITEM-A"",""name"":""Item A"",""qty"":1,""unit_price"":5000.0,""total"":5000.0}]"
ORD-DIRTY-0037,25/08/2026,مدفوع,CUST-D0037,  محمد  علي 37 ,٠٠٩٦٧٧٧٢000037,user.37@@gmail...com, عدن , المنصورة , عادي ,"2,000.00 ريال يمني", بطاقة ,دفع,خمسة آلاف,ر.ي,7000,"[{""sku"":""ITEM-A"",""name"":""Item A"",""qty"":1,""unit_price"":5000.0,""total"":5000.0}]"
ORD-DIRTY-0038,25/08/2026,مدفوع,CUST-D0038,  محمد  علي 38 ,٠٠٩٦٧٧٧٢000038,user.38@@gmail...com, عدن , المنصورة , عادي ,"2,000.00 ريال يمني", بطاقة ,دفع,خمسة آلاف,ر.ي,7000,"[{""sku"":""ITEM-A"",""name"":""Item A"",""qty"":1,""unit_price"":5000.0,""total"":5000.0}]"
ORD-DIRTY-0039,25/08/2026,مدفوع,CUST-D0039,  محمد  علي 39 ,٠٠٩٦٧٧٧٢000039,user.39@@gmail...com, عدن , المنصورة , عادي ,"2,000.00 ريال يمني", بطاقة ,دفع,خمسة آلاف,ر.ي,7000,"[{""sku"":""ITEM-A"",""name"":""Item A"",""qty"":1,""unit_price"":5000.0,""total"":5000.0}]"
ORD-DIRTY-0040,25/08/2026,مدفوع,CUST-D0040,  محمد  علي 40 ,٠٠٩٦٧٧٧٢000040,user.40@@gmail...com, عدن , المنصورة , عادي ,"2,000.00 ريال يمني", بطاقة ,دفع,خمسة آلاف,ر.ي,7000,"[{""sku"":""ITEM-A"",""name"":""Item A"",""qty"":1,""unit_price"":5000.0,""total"":5000.0}]"
ORD-DIRTY-0041,25/08/2026,مدفوع,CUST-D0041,  محمد  علي 41 ,٠٠٩٦٧٧٧٢000041,user.41@@gmail...com, عدن , المنصورة , عادي ,"2,000.00 ريال يمني", بطاقة ,دفع,خمسة آلاف,ر.ي,7000,"[{""sku"":""ITEM-A"",""name"":""Item A"",""qty"":1,""unit_price"":5000.0,""total"":5000.0}]"
ORD-DIRTY-0042,25/08/2026,مدفوع,CUST-D0042,  محمد  علي 42 ,٠٠٩٦٧٧٧٢000042,user.42@@gmail...com, عدن , المنصورة , عادي ,"2,000.00 ريال يمني", بطاقة ,دفع,خمسة آلاف,ر.ي,7000,"[{""sku"":""ITEM-A"",""name"":""Item A"",""qty"":1,""unit_price"":5000.0,""total"":5000.0}]"
ORD-DIRTY-0043,25/08/2026,مدفوع,CUST-D0043,  محمد  علي 43 ,٠٠٩٦٧٧٧٢000043,user.43@@gmail...com, عدن , المنصورة , عادي ,"2,000.00 ريال يمني", بطاقة ,دفع,خمسة آلاف,ر.ي,7000,"[{""sku"":""ITEM-A"",""name"":""Item A"",""qty"":1,""unit_price"":5000.0,""total"":5000.0}]"
ORD-DIRTY-0044,25/08/2026,مدفوع,CUST-D0044,  محمد  علي 44 ,٠٠٩٦٧٧٧٢000044,user.44@@gmail...com, عدن , المنصورة , عادي ,"2,000.00 ريال يمني", بطاقة ,دفع,خمسة آلاف,ر.ي,7000,"[{""sku"":""ITEM-A"",""name"":""Item A"",""qty"":1,""unit_price"":5000.0,""total"":5000.0}]"
ORD-DIRTY-0045,25/08/2026,مدفوع,CUST-D0045,  محمد  علي 45 ,٠٠٩٦٧٧٧٢000045,user.45@@gmail...com, عدن , المنصورة , عادي ,"2,000.00 ريال يمني", بطاقة ,دفع,خمسة آلاف,ر.ي,7000,"[{""sku"":""ITEM-A"",""name"":""Item A"",""qty"":1,""unit_price"":5000.0,""total"":5000.0}]"
ORD-DIRTY-0046,25/08/2026,مدفوع,CUST-D0046,  محمد  علي 46 ,٠٠٩٦٧٧٧٢000046,user.46@@gmail...com, عدن , المنصورة , عادي ,"2,000.00 ريال يمني", بطاقة ,دفع,خمسة آلاف,ر.ي,7000,"[{""sku"":""ITEM-A"",""name"":""Item A"",""qty"":1,""unit_price"":5000.0,""total"":5000.0}]"
ORD-DIRTY-0047,25/08/2026,مدفوع,CUST-D0047,  محمد  علي 47 ,٠٠٩٦٧٧٧٢000047,user.47@@gmail...com, عدن , المنصورة , عادي ,"2,000.00 ريال يمني", بطاقة ,دفع,خمسة آلاف,ر.ي,7000,"[{""sku"":""ITEM-A"",""name"":""Item A"",""qty"":1,""unit_price"":5000.0,""total"":5000.0}]"
ORD-DIRTY-0048,25/08/2026,مدفوع,CUST-D0048,  محمد  علي 48 ,٠٠٩٦٧٧٧٢000048,user.48@@gmail...com, عدن , المنصورة , عادي ,"2,000.00 ريال يمني", بطاقة ,دفع,خمسة آلاف,ر.ي,7000,"[{""sku"":""ITEM-A"",""name"":""Item A"",""qty"":1,""unit_price"":5000.0,""total"":5000.0}]"
ORD-DIRTY-0049,25/08/2026,مدفوع,CUST-D0049,  محمد  علي 49 ,٠٠٩٦٧٧٧٢000049,user.49@@gmail...com, عدن , المنصورة , عادي ,"2,000.00 ريال يمني", بطاقة ,دفع,خمسة آلاف,ر.ي,7000,"[{""sku"":""ITEM-A"",""name"":""Item A"",""qty"":1,""unit_price"":5000.0,""total"":5000.0}]"
ORD-DIRTY-0050,25/08/2026,مدفوع,CUST-D0050,  محمد  علي 50 ,٠٠٩٦٧٧٧٢000050,user.50@@gmail...com, عدن , المنصورة , عادي ,"2,000.00 ريال يمني", بطاقة ,دفع,خمسة آلاف,ر.ي,7000,"[{""sku"":""ITEM-A"",""name"":""Item A"",""qty"":1,""unit_price"":5000.0,""total"":5000.0}]"
ORD-DIRTY-0051,25/08/2026,مدفوع,CUST-D0051,  محمد  علي 51 ,٠٠٩٦٧٧٧٢000051,user.51@@gmail...com, عدن , المنصورة , عادي ,"2,000.00 ريال يمني", بطاقة ,دفع,خمسة آلاف,ر.ي,7000,"[{""sku"":""ITEM-A"",""name"":""Item A"",""qty"":1,""unit_price"":5000.0,""total"":5000.0}]"
ORD-DIRTY-0052,25/08/2026,مدفوع,CUST-D0052,  محمد  علي 52 ,٠٠٩٦٧٧٧٢000052,user.52@@gmail...com, عدن , المنصورة , عادي ,"2,000.00 ريال يمني", بطاقة ,دفع,خمسة آلاف,ر.ي,7000,"[{""sku"":""ITEM-A"",""name"":""Item A"",""qty"":1,""unit_price"":5000.0,""total"":5000.0}]"
ORD-DIRTY-0053,25/08/2026,مدفوع,CUST-D0053,  محمد  علي 53 ,٠٠٩٦٧٧٧٢000053,user.53@@gmail...com, عدن , المنصورة , عادي ,"2,000.00 ريال يمني", بطاقة ,دفع,خمسة آلاف,ر.ي,7000,"[{""sku"":""ITEM-A"",""name"":""Item A"",""qty"":1,""unit_price"":5000.0,""total"":5000.0}]"
ORD-DIRTY-0054,25/08/2026,مدفوع,CUST-D0054,  محمد  علي 54 ,٠٠٩٦٧٧٧٢000054,user.54@@gmail...com, عدن , المنصورة , عادي ,"2,000.00 ريال يمني", بطاقة ,دفع,خمسة آلاف,ر.ي,7000,"[{""sku"":""ITEM-A"",""name"":""Item A"",""qty"":1,""unit_price"":5000.0,""total"":5000.0}]"
ORD-DIRTY-0055,25/08/2026,مدفوع,CUST-D0055,  محمد  علي 55 ,٠٠٩٦٧٧٧٢000055,user.55@@gmail...com, عدن , المنصورة , عادي ,"2,000.00 ريال يمني", بطاقة ,دفع,خمسة آلاف,ر.ي,7000,"[{""sku"":""ITEM-A"",""name"":""Item A"",""qty"":1,""unit_price"":5000.0,""total"":5000.0}]"
ORD-DIRTY-0056,25/08/2026,مدفوع,CUST-D0056,  محمد  علي 56 ,٠٠٩٦٧٧٧٢000056,user.56@@gmail...com, عدن , المنصورة , عادي ,"2,000.00 ريال يمني", بطاقة ,دفع,خمسة آلاف,ر.ي,7000,"[{""sku"":""ITEM-A"",""name"":""Item A"",""qty"":1,""unit_price"":5000.0,""total"":5000.0}]"
ORD-DIRTY-0057,25/08/2026,مدفوع,CUST-D0057,  محمد  علي 57 ,٠٠٩٦٧٧٧٢000057,user.57@@gmail...com, عدن , المنصورة , عادي ,"2,000.00 ريال يمني", بطاقة ,دفع,خمسة آلاف,ر.ي,7000,"[{""sku"":""ITEM-A"",""name"":""Item A"",""qty"":1,""unit_price"":5000.0,""total"":5000.0}]"
ORD-DIRTY-0058,25/08/2026,مدفوع,CUST-D0058,  محمد  علي 58 ,٠٠٩٦٧٧٧٢000058,user.58@@gmail...com, عدن , المنصورة , عادي ,"2,000.00 ريال يمني", بطاقة ,دفع,خمسة آلاف,ر.ي,7000,"[{""sku"":""ITEM-A"",""name"":""Item A"",""qty"":1,""unit_price"":5000.0,""total"":5000.0}]"
ORD-DIRTY-0059,25/08/2026,مدفوع,CUST-D0059,  محمد  علي 59 ,٠٠٩٦٧٧٧٢000059,user.59@@gmail...com, عدن , المنصورة , عادي ,"2,000.00 ريال يمني", بطاقة ,دفع,خمسة آلاف,ر.ي,7000,"[{""sku"":""ITEM-A"",""name"":""Item A"",""qty"":1,""unit_price"":5000.0,""total"":5000.0}]"
ORD-DIRTY-0060,25/08/2026,مدفوع,CUST-D0060,  محمد  علي 60 ,٠٠٩٦٧٧٧٢000060,user.60@@gmail...com, عدن , المنصورة , عادي ,"2,000.00 ريال يمني", بطاقة ,دفع,خمسة آلاف,ر.ي,7000,"[{""sku"":""ITEM-A"",""name"":""Item A"",""qty"":1,""unit_price"":5000.0,""total"":5000.0}]"
ORD-DIRTY-0061,25/08/2026,مدفوع,CUST-D0061,  محمد  علي 61 ,٠٠٩٦٧٧٧٢000061,user.61@@gmail...com, عدن , المنصورة , عادي ,"2,000.00 ريال يمني", بطاقة ,دفع,خمسة آلاف,ر.ي,7000,"[{""sku"":""ITEM-A"",""name"":""Item A"",""qty"":1,""unit_price"":5000.0,""total"":5000.0}]"
ORD-DIRTY-0062,25/08/2026,مدفوع,CUST-D0062,  محمد  علي 62 ,٠٠٩٦٧٧٧٢000062,user.62@@gmail...com, عدن , المنصورة , عادي ,"2,000.00 ريال يمني", بطاقة ,دفع,خمسة آلاف,ر.ي,7000,"[{""sku"":""ITEM-A"",""name"":""Item A"",""qty"":1,""unit_price"":5000.0,""total"":5000.0}]"
ORD-DIRTY-0063,25/08/2026,مدفوع,CUST-D0063,  محمد  علي 63 ,٠٠٩٦٧٧٧٢000063,user.63@@gmail...com, عدن , المنصورة , عادي ,"2,000.00 ريال يمني", بطاقة ,دفع,خمسة آلاف,ر.ي,7000,"[{""sku"":""ITEM-A"",""name"":""Item A"",""qty"":1,""unit_price"":5000.0,""total"":5000.0}]"
ORD-DIRTY-0064,25/08/2026,مدفوع,CUST-D0064,  محمد  علي 64 ,٠٠٩٦٧٧٧٢000064,user.64@@gmail...com, عدن , المنصورة , عادي ,"2,000.00 ريال يمني", بطاقة ,دفع,خمسة آلاف,ر.ي,7000,"[{""sku"":""ITEM-A"",""name"":""Item A"",""qty"":1,""unit_price"":5000.0,""total"":5000.0}]"
ORD-DIRTY-0065,25/08/2026,مدفوع,CUST-D0065,  محمد  علي 65 ,٠٠٩٦٧٧٧٢000065,user.65@@gmail...com, عدن , المنصورة , عادي ,"2,000.00 ريال يمني", بطاقة ,دفع,خمسة آلاف,ر.ي,7000,"[{""sku"":""ITEM-A"",""name"":""Item A"",""qty"":1,""unit_price"":5000.0,""total"":5000.0}]"
ORD-DIRTY-0066,25/08/2026,مدفوع,CUST-D0066,  محمد  علي 66 ,٠٠٩٦٧٧٧٢000066,user.66@@gmail...com, عدن , المنصورة , عادي ,"2,000.00 ريال يمني", بطاقة ,دفع,خمسة آلاف,ر.ي,7000,"[{""sku"":""ITEM-A"",""name"":""Item A"",""qty"":1,""unit_price"":5000.0,""total"":5000.0}]"
ORD-DIRTY-0067,25/08/2026,مدفوع,CUST-D0067,  محمد  علي 67 ,٠٠٩٦٧٧٧٢000067,user.67@@gmail...com, عدن , المنصورة , عادي ,"2,000.00 ريال يمني", بطاقة ,دفع,خمسة آلاف,ر.ي,7000,"[{""sku"":""ITEM-A"",""name"":""Item A"",""qty"":1,""unit_price"":5000.0,""total"":5000.0}]"
ORD-DIRTY-0068,25/08/2026,مدفوع,CUST-D0068,  محمد  علي 68 ,٠٠٩٦٧٧٧٢000068,user.68@@gmail...com, عدن , المنصورة , عادي ,"2,000.00 ريال يمني", بطاقة ,دفع,خمسة آلاف,ر.ي,7000,"[{""sku"":""ITEM-A"",""name"":""Item A"",""qty"":1,""unit_price"":5000.0,""total"":5000.0}]"
ORD-DIRTY-0069,25/08/2026,مدفوع,CUST-D0069,  محمد  علي 69 ,٠٠٩٦٧٧٧٢000069,user.69@@gmail...com, عدن , المنصورة , عادي ,"2,000.00 ريال يمني", بطاقة ,دفع,خمسة آلاف,ر.ي,7000,"[{""sku"":""ITEM-A"",""name"":""Item A"",""qty"":1,""unit_price"":5000.0,""total"":5000.0}]"
ORD-DIRTY-0070,25/08/2026,مدفوع,CUST-D0070,  محمد  علي 70 ,٠٠٩٦٧٧٧٢000070,user.70@@gmail...com, عدن , المنصورة , عادي ,"2,000.00 ريال يمني", بطاقة ,دفع,خمسة آلاف,ر.ي,7000,"[{""sku"":""ITEM-A"",""name"":""Item A"",""qty"":1,""unit_price"":5000.0,""total"":5000.0}]"
ORD-DIRTY-0071,25/08/2026,مدفوع,CUST-D0071,  محمد  علي 71 ,٠٠٩٦٧٧٧٢000071,user.71@@gmail...com, عدن , المنصورة , عادي ,"2,000.00 ريال يمني", بطاقة ,دفع,خمسة آلاف,ر.ي,7000,"[{""sku"":""ITEM-A"",""name"":""Item A"",""qty"":1,""unit_price"":5000.0,""total"":5000.0}]"
ORD-DIRTY-0072,25/08/2026,مدفوع,CUST-D0072,  محمد  علي 72 ,٠٠٩٦٧٧٧٢000072,user.72@@gmail...com, عدن , المنصورة , عادي ,"2,000.00 ريال يمني", بطاقة ,دفع,خمسة آلاف,ر.ي,7000,"[{""sku"":""ITEM-A"",""name"":""Item A"",""qty"":1,""unit_price"":5000.0,""total"":5000.0}]"
ORD-DIRTY-0073,25/08/2026,مدفوع,CUST-D0073,  محمد  علي 73 ,٠٠٩٦٧٧٧٢000073,user.73@@gmail...com, عدن , المنصورة , عادي ,"2,000.00 ريال يمني", بطاقة ,دفع,خمسة آلاف,ر.ي,7000,"[{""sku"":""ITEM-A"",""name"":""Item A"",""qty"":1,""unit_price"":5000.0,""total"":5000.0}]"
ORD-DIRTY-0074,25/08/2026,مدفوع,CUST-D0074,  محمد  علي 74 ,٠٠٩٦٧٧٧٢000074,user.74@@gmail...com, عدن , المنصورة , عادي ,"2,000.00 ريال يمني", بطاقة ,دفع,خمسة آلاف,ر.ي,7000,"[{""sku"":""ITEM-A"",""name"":""Item A"",""qty"":1,""unit_price"":5000.0,""total"":5000.0}]"
ORD-DIRTY-0075,25/08/2026,مدفوع,CUST-D0075,  محمد  علي 75 ,٠٠٩٦٧٧٧٢000075,user.75@@gmail...com, عدن , المنصورة , عادي ,"2,000.00 ريال يمني", بطاقة ,دفع,خمسة آلاف,ر.ي,7000,"[{""sku"":""ITEM-A"",""name"":""Item A"",""qty"":1,""unit_price"":5000.0,""total"":5000.0}]"
ORD-DIRTY-0076,25/08/2026,مدفوع,CUST-D0076,  محمد  علي 76 ,٠٠٩٦٧٧٧٢000076,user.76@@gmail...com, عدن , المنصورة , عادي ,"2,000.00 ريال يمني", بطاقة ,دفع,خمسة آلاف,ر.ي,7000,"[{""sku"":""ITEM-A"",""name"":""Item A"",""qty"":1,""unit_price"":5000.0,""total"":5000.0}]"
ORD-DIRTY-0077,25/08/2026,مدفوع,CUST-D0077,  محمد  علي 77 ,٠٠٩٦٧٧٧٢000077,user.77@@gmail...com, عدن , المنصورة , عادي ,"2,000.00 ريال يمني", بطاقة ,دفع,خمسة آلاف,ر.ي,7000,"[{""sku"":""ITEM-A"",""name"":""Item A"",""qty"":1,""unit_price"":5000.0,""total"":5000.0}]"
ORD-DIRTY-0078,25/08/2026,مدفوع,CUST-D0078,  محمد  علي 78 ,٠٠٩٦٧٧٧٢000078,user.78@@gmail...com, عدن , المنصورة , عادي ,"2,000.00 ريال يمني", بطاقة ,دفع,خمسة آلاف,ر.ي,7000,"[{""sku"":""ITEM-A"",""name"":""Item A"",""qty"":1,""unit_price"":5000.0,""total"":5000.0}]"
ORD-DIRTY-0079,25/08/2026,مدفوع,CUST-D0079,  محمد  علي 79 ,٠٠٩٦٧٧٧٢000079,user.79@@gmail...com, عدن , المنصورة , عادي ,"2,000.00 ريال يمني", بطاقة ,دفع,خمسة آلاف,ر.ي,7000,"[{""sku"":""ITEM-A"",""name"":""Item A"",""qty"":1,""unit_price"":5000.0,""total"":5000.0}]"
ORD-DIRTY-0080,25/08/2026,مدفوع,CUST-D0080,  محمد  علي 80 ,٠٠٩٦٧٧٧٢000080,user.80@@gmail...com, عدن , المنصورة , عادي ,"2,000.00 ريال يمني", بطاقة ,دفع,خمسة آلاف,ر.ي,7000,"[{""sku"":""ITEM-A"",""name"":""Item A"",""qty"":1,""unit_price"":5000.0,""total"":5000.0}]"
ORD-DIRTY-0081,25/08/2026,مدفوع,CUST-D0081,  محمد  علي 81 ,٠٠٩٦٧٧٧٢000081,user.81@@gmail...com, عدن , المنصورة , عادي ,"2,000.00 ريال يمني", بطاقة ,دفع,خمسة آلاف,ر.ي,7000,"[{""sku"":""ITEM-A"",""name"":""Item A"",""qty"":1,""unit_price"":5000.0,""total"":5000.0}]"
ORD-DIRTY-0082,25/08/2026,مدفوع,CUST-D0082,  محمد  علي 82 ,٠٠٩٦٧٧٧٢000082,user.82@@gmail...com, عدن , المنصورة , عادي ,"2,000.00 ريال يمني", بطاقة ,دفع,خمسة آلاف,ر.ي,7000,"[{""sku"":""ITEM-A"",""name"":""Item A"",""qty"":1,""unit_price"":5000.0,""total"":5000.0}]"
ORD-DIRTY-0083,25/08/2026,مدفوع,CUST-D0083,  محمد  علي 83 ,٠٠٩٦٧٧٧٢000083,user.83@@gmail...com, عدن , المنصورة , عادي ,"2,000.00 ريال يمني", بطاقة ,دفع,خمسة آلاف,ر.ي,7000,"[{""sku"":""ITEM-A"",""name"":""Item A"",""qty"":1,""unit_price"":5000.0,""total"":5000.0}]"
ORD-DIRTY-0084,25/08/2026,مدفوع,CUST-D0084,  محمد  علي 84 ,٠٠٩٦٧٧٧٢000084,user.84@@gmail...com, عدن , المنصورة , عادي ,"2,000.00 ريال يمني", بطاقة ,دفع,خمسة آلاف,ر.ي,7000,"[{""sku"":""ITEM-A"",""name"":""Item A"",""qty"":1,""unit_price"":5000.0,""total"":5000.0}]"
ORD-DIRTY-0085,25/08/2026,مدفوع,CUST-D0085,  محمد  علي 85 ,٠٠٩٦٧٧٧٢000085,user.85@@gmail...com, عدن , المنصورة , عادي ,"2,000.00 ريال يمني", بطاقة ,دفع,خمسة آلاف,ر.ي,7000,"[{""sku"":""ITEM-A"",""name"":""Item A"",""qty"":1,""unit_price"":5000.0,""total"":5000.0}]"
ORD-DIRTY-0086,25/08/2026,مدفوع,CUST-D0086,  محمد  علي 86 ,٠٠٩٦٧٧٧٢000086,user.86@@gmail...com, عدن , المنصورة , عادي ,"2,000.00 ريال يمني", بطاقة ,دفع,خمسة آلاف,ر.ي,7000,"[{""sku"":""ITEM-A"",""name"":""Item A"",""qty"":1,""unit_price"":5000.0,""total"":5000.0}]"
ORD-DIRTY-0087,25/08/2026,مدفوع,CUST-D0087,  محمد  علي 87 ,٠٠٩٦٧٧٧٢000087,user.87@@gmail...com, عدن , المنصورة , عادي ,"2,000.00 ريال يمني", بطاقة ,دفع,خمسة آلاف,ر.ي,7000,"[{""sku"":""ITEM-A"",""name"":""Item A"",""qty"":1,""unit_price"":5000.0,""total"":5000.0}]"
ORD-DIRTY-0088,25/08/2026,مدفوع,CUST-D0088,  محمد  علي 88 ,٠٠٩٦٧٧٧٢000088,user.88@@gmail...com, عدن , المنصورة , عادي ,"2,000.00 ريال يمني", بطاقة ,دفع,خمسة آلاف,ر.ي,7000,"[{""sku"":""ITEM-A"",""name"":""Item A"",""qty"":1,""unit_price"":5000.0,""total"":5000.0}]"
ORD-DIRTY-0089,25/08/2026,مدفوع,CUST-D0089,  محمد  علي 89 ,٠٠٩٦٧٧٧٢000089,user.89@@gmail...com, عدن , المنصورة , عادي ,"2,000.00 ريال يمني", بطاقة ,دفع,خمسة آلاف,ر.ي,7000,"[{""sku"":""ITEM-A"",""name"":""Item A"",""qty"":1,""unit_price"":5000.0,""total"":5000.0}]"
ORD-DIRTY-0090,25/08/2026,مدفوع,CUST-D0090,  محمد  علي 90 ,٠٠٩٦٧٧٧٢000090,user.90@@gmail...com, عدن , المنصورة , عادي ,"2,000.00 ريال يمني", بطاقة ,دفع,خمسة آلاف,ر.ي,7000,"[{""sku"":""ITEM-A"",""name"":""Item A"",""qty"":1,""unit_price"":5000.0,""total"":5000.0}]"
ORD-DIRTY-0091,25/08/2026,مدفوع,CUST-D0091,  محمد  علي 91 ,٠٠٩٦٧٧٧٢000091,user.91@@gmail...com, عدن , المنصورة , عادي ,"2,000.00 ريال يمني", بطاقة ,دفع,خمسة آلاف,ر.ي,7000,"[{""sku"":""ITEM-A"",""name"":""Item A"",""qty"":1,""unit_price"":5000.0,""total"":5000.0}]"
ORD-DIRTY-0092,25/08/2026,مدفوع,CUST-D0092,  محمد  علي 92 ,٠٠٩٦٧٧٧٢000092,user.92@@gmail...com, عدن , المنصورة , عادي ,"2,000.00 ريال يمني", بطاقة ,دفع,خمسة آلاف,ر.ي,7000,"[{""sku"":""ITEM-A"",""name"":""Item A"",""qty"":1,""unit_price"":5000.0,""total"":5000.0}]"
ORD-DIRTY-0093,25/08/2026,مدفوع,CUST-D0093,  محمد  علي 93 ,٠٠٩٦٧٧٧٢000093,user.93@@gmail...com, عدن , المنصورة , عادي ,"2,000.00 ريال يمني", بطاقة ,دفع,خمسة آلاف,ر.ي,7000,"[{""sku"":""ITEM-A"",""name"":""Item A"",""qty"":1,""unit_price"":5000.0,""total"":5000.0}]"
ORD-DIRTY-0094,25/08/2026,مدفوع,CUST-D0094,  محمد  علي 94 ,٠٠٩٦٧٧٧٢000094,user.94@@gmail...com, عدن , المنصورة , عادي ,"2,000.00 ريال يمني", بطاقة ,دفع,خمسة آلاف,ر.ي,7000,"[{""sku"":""ITEM-A"",""name"":""Item A"",""qty"":1,""unit_price"":5000.0,""total"":5000.0}]"
ORD-DIRTY-0095,25/08/2026,مدفوع,CUST-D0095,  محمد  علي 95 ,٠٠٩٦٧٧٧٢000095,user.95@@gmail...com, عدن , المنصورة , عادي ,"2,000.00 ريال يمني", بطاقة ,دفع,خمسة آلاف,ر.ي,7000,"[{""sku"":""ITEM-A"",""name"":""Item A"",""qty"":1,""unit_price"":5000.0,""total"":5000.0}]"
ORD-DIRTY-0096,25/08/2026,مدفوع,CUST-D0096,  محمد  علي 96 ,٠٠٩٦٧٧٧٢000096,user.96@@gmail...com, عدن , المنصورة , عادي ,"2,000.00 ريال يمني", بطاقة ,دفع,خمسة آلاف,ر.ي,7000,"[{""sku"":""ITEM-A"",""name"":""Item A"",""qty"":1,""unit_price"":5000.0,""total"":5000.0}]"
ORD-DIRTY-0097,25/08/2026,مدفوع,CUST-D0097,  محمد  علي 97 ,٠٠٩٦٧٧٧٢000097,user.97@@gmail...com, عدن , المنصورة , عادي ,"2,000.00 ريال يمني", بطاقة ,دفع,خمسة آلاف,ر.ي,7000,"[{""sku"":""ITEM-A"",""name"":""Item A"",""qty"":1,""unit_price"":5000.0,""total"":5000.0}]"
ORD-DIRTY-0098,25/08/2026,مدفوع,CUST-D0098,  محمد  علي 98 ,٠٠٩٦٧٧٧٢000098,user.98@@gmail...com, عدن , المنصورة , عادي ,"2,000.00 ريال يمني", بطاقة ,دفع,خمسة آلاف,ر.ي,7000,"[{""sku"":""ITEM-A"",""name"":""Item A"",""qty"":1,""unit_price"":5000.0,""total"":5000.0}]"
ORD-DIRTY-0099,25/08/2026,مدفوع,CUST-D0099,  محمد  علي 99 ,٠٠٩٦٧٧٧٢000099,user.99@@gmail...com, عدن , المنصورة , عادي ,"2,000.00 ريال يمني", بطاقة ,دفع,خمسة آلاف,ر.ي,7000,"[{""sku"":""ITEM-A"",""name"":""Item A"",""qty"":1,""unit_price"":5000.0,""total"":5000.0}]"
ORD-DIRTY-0100,25/08/2026,مدفوع,CUST-D0100,  محمد  علي 100 ,٠٠٩٦٧٧٧٢000100,user.100@@gmail...com, عدن , المنصورة , عادي ,"2,000.00 ريال يمني", بطاقة ,دفع,خمسة آلاف,ر.ي,7000,"[{""sku"":""ITEM-A"",""name"":""Item A"",""qty"":1,""unit_price"":5000.0,""total"":5000.0}]"
ORD-DIRTY-0101,25/08/2026,مدفوع,CUST-D0101,  محمد  علي 101 ,٠٠٩٦٧٧٧٢000101,user.101@@gmail...com, عدن , المنصورة , عادي ,"2,000.00 ريال يمني", بطاقة ,دفع,خمسة آلاف,ر.ي,7000,"[{""sku"":""ITEM-A"",""name"":""Item A"",""qty"":1,""unit_price"":5000.0,""total"":5000.0}]"
ORD-DIRTY-0102,25/08/2026,مدفوع,CUST-D0102,  محمد  علي 102 ,٠٠٩٦٧٧٧٢000102,user.102@@gmail...com, عدن , المنصورة , عادي ,"2,000.00 ريال يمني", بطاقة ,دفع,خمسة آلاف,ر.ي,7000,"[{""sku"":""ITEM-A"",""name"":""Item A"",""qty"":1,""unit_price"":5000.0,""total"":5000.0}]"
ORD-DIRTY-0103,25/08/2026,مدفوع,CUST-D0103,  محمد  علي 103 ,٠٠٩٦٧٧٧٢000103,user.103@@gmail...com, عدن , المنصورة , عادي ,"2,000.00 ريال يمني", بطاقة ,دفع,خمسة آلاف,ر.ي,7000,"[{""sku"":""ITEM-A"",""name"":""Item A"",""qty"":1,""unit_price"":5000.0,""total"":5000.0}]"
ORD-DIRTY-0104,25/08/2026,مدفوع,CUST-D0104,  محمد  علي 104 ,٠٠٩٦٧٧٧٢000104,user.104@@gmail...com, عدن , المنصورة , عادي ,"2,000.00 ريال يمني", بطاقة ,دفع,خمسة آلاف,ر.ي,7000,"[{""sku"":""ITEM-A"",""name"":""Item A"",""qty"":1,""unit_price"":5000.0,""total"":5000.0}]"
ORD-DIRTY-0105,25/08/2026,مدفوع,CUST-D0105,  محمد  علي 105 ,٠٠٩٦٧٧٧٢000105,user.105@@gmail...com, عدن , المنصورة , عادي ,"2,000.00 ريال يمني", بطاقة ,دفع,خمسة آلاف,ر.ي,7000,"[{""sku"":""ITEM-A"",""name"":""Item A"",""qty"":1,""unit_price"":5000.0,""total"":5000.0}]"
ORD-DIRTY-0106,25/08/2026,مدفوع,CUST-D0106,  محمد  علي 106 ,٠٠٩٦٧٧٧٢000106,user.106@@gmail...com, عدن , المنصورة , عادي ,"2,000.00 ريال يمني", بطاقة ,دفع,خمسة آلاف,ر.ي,7000,"[{""sku"":""ITEM-A"",""name"":""Item A"",""qty"":1,""unit_price"":5000.0,""total"":5000.0}]"
ORD-DIRTY-0107,25/08/2026,مدفوع,CUST-D0107,  محمد  علي 107 ,٠٠٩٦٧٧٧٢000107,user.107@@gmail...com, عدن , المنصورة , عادي ,"2,000.00 ريال يمني", بطاقة ,دفع,خمسة آلاف,ر.ي,7000,"[{""sku"":""ITEM-A"",""name"":""Item A"",""qty"":1,""unit_price"":5000.0,""total"":5000.0}]"
ORD-DIRTY-0108,25/08/2026,مدفوع,CUST-D0108,  محمد  علي 108 ,٠٠٩٦٧٧٧٢000108,user.108@@gmail...com, عدن , المنصورة , عادي ,"2,000.00 ريال يمني", بطاقة ,دفع,خمسة آلاف,ر.ي,7000,"[{""sku"":""ITEM-A"",""name"":""Item A"",""qty"":1,""unit_price"":5000.0,""total"":5000.0}]"
ORD-DIRTY-0109,25/08/2026,مدفوع,CUST-D0109,  محمد  علي 109 ,٠٠٩٦٧٧٧٢000109,user.109@@gmail...com, عدن , المنصورة , عادي ,"2,000.00 ريال يمني", بطاقة ,دفع,خمسة آلاف,ر.ي,7000,"[{""sku"":""ITEM-A"",""name"":""Item A"",""qty"":1,""unit_price"":5000.0,""total"":5000.0}]"
ORD-DIRTY-0110,25/08/2026,مدفوع,CUST-D0110,  محمد  علي 110 ,٠٠٩٦٧٧٧٢000110,user.110@@gmail...com, عدن , المنصورة , عادي ,"2,000.00 ريال يمني", بطاقة ,دفع,خمسة آلاف,ر.ي,7000,"[{""sku"":""ITEM-A"",""name"":""Item A"",""qty"":1,""unit_price"":5000.0,""total"":5000.0}]"
ORD-DIRTY-0111,25/08/2026,مدفوع,CUST-D0111,  محمد  علي 111 ,٠٠٩٦٧٧٧٢000111,user.111@@gmail...com, عدن , المنصورة , عادي ,"2,000.00 ريال يمني", بطاقة ,دفع,خمسة آلاف,ر.ي,7000,"[{""sku"":""ITEM-A"",""name"":""Item A"",""qty"":1,""unit_price"":5000.0,""total"":5000.0}]"
ORD-DIRTY-0112,25/08/2026,مدفوع,CUST-D0112,  محمد  علي 112 ,٠٠٩٦٧٧٧٢000112,user.112@@gmail...com, عدن , المنصورة , عادي ,"2,000.00 ريال يمني", بطاقة ,دفع,خمسة آلاف,ر.ي,7000,"[{""sku"":""ITEM-A"",""name"":""Item A"",""qty"":1,""unit_price"":5000.0,""total"":5000.0}]"
ORD-DIRTY-0113,25/08/2026,مدفوع,CUST-D0113,  محمد  علي 113 ,٠٠٩٦٧٧٧٢000113,user.113@@gmail...com, عدن , المنصورة , عادي ,"2,000.00 ريال يمني", بطاقة ,دفع,خمسة آلاف,ر.ي,7000,"[{""sku"":""ITEM-A"",""name"":""Item A"",""qty"":1,""unit_price"":5000.0,""total"":5000.0}]"
ORD-DIRTY-0114,25/08/2026,مدفوع,CUST-D0114,  محمد  علي 114 ,٠٠٩٦٧٧٧٢000114,user.114@@gmail...com, عدن , المنصورة , عادي ,"2,000.00 ريال يمني", بطاقة ,دفع,خمسة آلاف,ر.ي,7000,"[{""sku"":""ITEM-A"",""name"":""Item A"",""qty"":1,""unit_price"":5000.0,""total"":5000.0}]"
ORD-DIRTY-0115,25/08/2026,مدفوع,CUST-D0115,  محمد  علي 115 ,٠٠٩٦٧٧٧٢000115,user.115@@gmail...com, عدن , المنصورة , عادي ,"2,000.00 ريال يمني", بطاقة ,دفع,خمسة آلاف,ر.ي,7000,"[{""sku"":""ITEM-A"",""name"":""Item A"",""qty"":1,""unit_price"":5000.0,""total"":5000.0}]"
ORD-DIRTY-0116,25/08/2026,مدفوع,CUST-D0116,  محمد  علي 116 ,٠٠٩٦٧٧٧٢000116,user.116@@gmail...com, عدن , المنصورة , عادي ,"2,000.00 ريال يمني", بطاقة ,دفع,خمسة آلاف,ر.ي,7000,"[{""sku"":""ITEM-A"",""name"":""Item A"",""qty"":1,""unit_price"":5000.0,""total"":5000.0}]"
ORD-DIRTY-0117,25/08/2026,مدفوع,CUST-D0117,  محمد  علي 117 ,٠٠٩٦٧٧٧٢000117,user.117@@gmail...com, عدن , المنصورة , عادي ,"2,000.00 ريال يمني", بطاقة ,دفع,خمسة آلاف,ر.ي,7000,"[{""sku"":""ITEM-A"",""name"":""Item A"",""qty"":1,""unit_price"":5000.0,""total"":5000.0}]"
ORD-DIRTY-0118,25/08/2026,مدفوع,CUST-D0118,  محمد  علي 118 ,٠٠٩٦٧٧٧٢000118,user.118@@gmail...com, عدن , المنصورة , عادي ,"2,000.00 ريال يمني", بطاقة ,دفع,خمسة آلاف,ر.ي,7000,"[{""sku"":""ITEM-A"",""name"":""Item A"",""qty"":1,""unit_price"":5000.0,""total"":5000.0}]"
ORD-DIRTY-0119,25/08/2026,مدفوع,CUST-D0119,  محمد  علي 119 ,٠٠٩٦٧٧٧٢000119,user.119@@gmail...com, عدن , المنصورة , عادي ,"2,000.00 ريال يمني", بطاقة ,دفع,خمسة آلاف,ر.ي,7000,"[{""sku"":""ITEM-A"",""name"":""Item A"",""qty"":1,""unit_price"":5000.0,""total"":5000.0}]"
ORD-DIRTY-0120,25/08/2026,مدفوع,CUST-D0120,  محمد  علي 120 ,٠٠٩٦٧٧٧٢000120,user.120@@gmail...com, عدن , المنصورة , عادي ,"2,000.00 ريال يمني", بطاقة ,دفع,خمسة آلاف,ر.ي,7000,"[{""sku"":""ITEM-A"",""name"":""Item A"",""qty"":1,""unit_price"":5000.0,""total"":5000.0}]"
ORD-DIRTY-0121,25/08/2026,مدفوع,CUST-D0121,  محمد  علي 121 ,٠٠٩٦٧٧٧٢000121,user.121@@gmail...com, عدن , المنصورة , عادي ,"2,000.00 ريال يمني", بطاقة ,دفع,خمسة آلاف,ر.ي,7000,"[{""sku"":""ITEM-A"",""name"":""Item A"",""qty"":1,""unit_price"":5000.0,""total"":5000.0}]"
ORD-DIRTY-0122,25/08/2026,مدفوع,CUST-D0122,  محمد  علي 122 ,٠٠٩٦٧٧٧٢000122,user.122@@gmail...com, عدن , المنصورة , عادي ,"2,000.00 ريال يمني", بطاقة ,دفع,خمسة آلاف,ر.ي,7000,"[{""sku"":""ITEM-A"",""name"":""Item A"",""qty"":1,""unit_price"":5000.0,""total"":5000.0}]"
ORD-DIRTY-0123,25/08/2026,مدفوع,CUST-D0123,  محمد  علي 123 ,٠٠٩٦٧٧٧٢000123,user.123@@gmail...com, عدن , المنصورة , عادي ,"2,000.00 ريال يمني", بطاقة ,دفع,خمسة آلاف,ر.ي,7000,"[{""sku"":""ITEM-A"",""name"":""Item A"",""qty"":1,""unit_price"":5000.0,""total"":5000.0}]"
ORD-DIRTY-0124,25/08/2026,مدفوع,CUST-D0124,  محمد  علي 124 ,٠٠٩٦٧٧٧٢000124,user.124@@gmail...com, عدن , المنصورة , عادي ,"2,000.00 ريال يمني", بطاقة ,دفع,خمسة آلاف,ر.ي,7000,"[{""sku"":""ITEM-A"",""name"":""Item A"",""qty"":1,""unit_price"":5000.0,""total"":5000.0}]"
ORD-DIRTY-0125,25/08/2026,مدفوع,CUST-D0125,  محمد  علي 125 ,٠٠٩٦٧٧٧٢000125,user.125@@gmail...com, عدن , المنصورة , عادي ,"2,000.00 ريال يمني", بطاقة ,دفع,خمسة آلاف,ر.ي,7000,"[{""sku"":""ITEM-A"",""name"":""Item A"",""qty"":1,""unit_price"":5000.0,""total"":5000.0}]"
ORD-DIRTY-0126,25/08/2026,مدفوع,CUST-D0126,  محمد  علي 126 ,٠٠٩٦٧٧٧٢000126,user.126@@gmail...com, عدن , المنصورة , عادي ,"2,000.00 ريال يمني", بطاقة ,دفع,خمسة آلاف,ر.ي,7000,"[{""sku"":""ITEM-A"",""name"":""Item A"",""qty"":1,""unit_price"":5000.0,""total"":5000.0}]"
ORD-DIRTY-0127,25/08/2026,مدفوع,CUST-D0127,  محمد  علي 127 ,٠٠٩٦٧٧٧٢000127,user.127@@gmail...com, عدن , المنصورة , عادي ,"2,000.00 ريال يمني", بطاقة ,دفع,خمسة آلاف,ر.ي,7000,"[{""sku"":""ITEM-A"",""name"":""Item A"",""qty"":1,""unit_price"":5000.0,""total"":5000.0}]"
ORD-DIRTY-0128,25/08/2026,مدفوع,CUST-D0128,  محمد  علي 128 ,٠٠٩٦٧٧٧٢000128,user.128@@gmail...com, عدن , المنصورة , عادي ,"2,000.00 ريال يمني", بطاقة ,دفع,خمسة آلاف,ر.ي,7000,"[{""sku"":""ITEM-A"",""name"":""Item A"",""qty"":1,""unit_price"":5000.0,""total"":5000.0}]"
ORD-DIRTY-0129,25/08/2026,مدفوع,CUST-D0129,  محمد  علي 129 ,٠٠٩٦٧٧٧٢000129,user.129@@gmail...com, عدن , المنصورة , عادي ,"2,000.00 ريال يمني", بطاقة ,دفع,خمسة آلاف,ر.ي,7000,"[{""sku"":""ITEM-A"",""name"":""Item A"",""qty"":1,""unit_price"":5000.0,""total"":5000.0}]"
ORD-DIRTY-0130,25/08/2026,مدفوع,CUST-D0130,  محمد  علي 130 ,٠٠٩٦٧٧٧٢000130,user.130@@gmail...com, عدن , المنصورة , عادي ,"2,000.00 ريال يمني", بطاقة ,دفع,خمسة آلاف,ر.ي,7000,"[{""sku"":""ITEM-A"",""name"":""Item A"",""qty"":1,""unit_price"":5000.0,""total"":5000.0}]"
ORD-DIRTY-0131,25/08/2026,مدفوع,CUST-D0131,  محمد  علي 131 ,٠٠٩٦٧٧٧٢000131,user.131@@gmail...com, عدن , المنصورة , عادي ,"2,000.00 ريال يمني", بطاقة ,دفع,خمسة آلاف,ر.ي,7000,"[{""sku"":""ITEM-A"",""name"":""Item A"",""qty"":1,""unit_price"":5000.0,""total"":5000.0}]"
ORD-DIRTY-0132,25/08/2026,مدفوع,CUST-D0132,  محمد  علي 132 ,٠٠٩٦٧٧٧٢000132,user.132@@gmail...com, عدن , المنصورة , عادي ,"2,000.00 ريال يمني", بطاقة ,دفع,خمسة آلاف,ر.ي,7000,"[{""sku"":""ITEM-A"",""name"":""Item A"",""qty"":1,""unit_price"":5000.0,""total"":5000.0}]"
ORD-DIRTY-0133,25/08/2026,مدفوع,CUST-D0133,  محمد  علي 133 ,٠٠٩٦٧٧٧٢000133,user.133@@gmail...com, عدن , المنصورة , عادي ,"2,000.00 ريال يمني", بطاقة ,دفع,خمسة آلاف,ر.ي,7000,"[{""sku"":""ITEM-A"",""name"":""Item A"",""qty"":1,""unit_price"":5000.0,""total"":5000.0}]"
ORD-DIRTY-0134,25/08/2026,مدفوع,CUST-D0134,  محمد  علي 134 ,٠٠٩٦٧٧٧٢000134,user.134@@gmail...com, عدن , المنصورة , عادي ,"2,000.00 ريال يمني", بطاقة ,دفع,خمسة آلاف,ر.ي,7000,"[{""sku"":""ITEM-A"",""name"":""Item A"",""qty"":1,""unit_price"":5000.0,""total"":5000.0}]"
ORD-DIRTY-0135,25/08/2026,مدفوع,CUST-D0135,  محمد  علي 135 ,٠٠٩٦٧٧٧٢000135,user.135@@gmail...com, عدن , المنصورة , عادي ,"2,000.00 ريال يمني", بطاقة ,دفع,خمسة آلاف,ر.ي,7000,"[{""sku"":""ITEM-A"",""name"":""Item A"",""qty"":1,""unit_price"":5000.0,""total"":5000.0}]"
ORD-DIRTY-0136,25/08/2026,مدفوع,CUST-D0136,  محمد  علي 136 ,٠٠٩٦٧٧٧٢000136,user.136@@gmail...com, عدن , المنصورة , عادي ,"2,000.00 ريال يمني", بطاقة ,دفع,خمسة آلاف,ر.ي,7000,"[{""sku"":""ITEM-A"",""name"":""Item A"",""qty"":1,""unit_price"":5000.0,""total"":5000.0}]"
ORD-DIRTY-0137,25/08/2026,مدفوع,CUST-D0137,  محمد  علي 137 ,٠٠٩٦٧٧٧٢000137,user.137@@gmail...com, عدن , المنصورة , عادي ,"2,000.00 ريال يمني", بطاقة ,دفع,خمسة آلاف,ر.ي,7000,"[{""sku"":""ITEM-A"",""name"":""Item A"",""qty"":1,""unit_price"":5000.0,""total"":5000.0}]"
ORD-DIRTY-0138,25/08/2026,مدفوع,CUST-D0138,  محمد  علي 138 ,٠٠٩٦٧٧٧٢000138,user.138@@gmail...com, عدن , المنصورة , عادي ,"2,000.00 ريال يمني", بطاقة ,دفع,خمسة آلاف,ر.ي,7000,"[{""sku"":""ITEM-A"",""name"":""Item A"",""qty"":1,""unit_price"":5000.0,""total"":5000.0}]"
ORD-DIRTY-0139,25/08/2026,مدفوع,CUST-D0139,  محمد  علي 139 ,٠٠٩٦٧٧٧٢000139,user.139@@gmail...com, عدن , المنصورة , عادي ,"2,000.00 ريال يمني", بطاقة ,دفع,خمسة آلاف,ر.ي,7000,"[{""sku"":""ITEM-A"",""name"":""Item A"",""qty"":1,""unit_price"":5000.0,""total"":5000.0}]"
ORD-DIRTY-0140,25/08/2026,مدفوع,CUST-D0140,  محمد  علي 140 ,٠٠٩٦٧٧٧٢000140,user.140@@gmail...com, عدن , المنصورة , عادي ,"2,000.00 ريال يمني", بطاقة ,دفع,خمسة آلاف,ر.ي,7000,"[{""sku"":""ITEM-A"",""name"":""Item A"",""qty"":1,""unit_price"":5000.0,""total"":5000.0}]"
ORD-DIRTY-0141,25/08/2026,مدفوع,CUST-D0141,  محمد  علي 141 ,٠٠٩٦٧٧٧٢000141,user.141@@gmail...com, عدن , المنصورة , عادي ,"2,000.00 ريال يمني", بطاقة ,دفع,خمسة آلاف,ر.ي,7000,"[{""sku"":""ITEM-A"",""name"":""Item A"",""qty"":1,""unit_price"":5000.0,""total"":5000.0}]"
ORD-DIRTY-0142,25/08/2026,مدفوع,CUST-D0142,  محمد  علي 142 ,٠٠٩٦٧٧٧٢000142,user.142@@gmail...com, عدن , المنصورة , عادي ,"2,000.00 ريال يمني", بطاقة ,دفع,خمسة آلاف,ر.ي,7000,"[{""sku"":""ITEM-A"",""name"":""Item A"",""qty"":1,""unit_price"":5000.0,""total"":5000.0}]"
ORD-DIRTY-0143,25/08/2026,مدفوع,CUST-D0143,  محمد  علي 143 ,٠٠٩٦٧٧٧٢000143,user.143@@gmail...com, عدن , المنصورة , عادي ,"2,000.00 ريال يمني", بطاقة ,دفع,خمسة آلاف,ر.ي,7000,"[{""sku"":""ITEM-A"",""name"":""Item A"",""qty"":1,""unit_price"":5000.0,""total"":5000.0}]"
ORD-DIRTY-0144,25/08/2026,مدفوع,CUST-D0144,  محمد  علي 144 ,٠٠٩٦٧٧٧٢000144,user.144@@gmail...com, عدن , المنصورة , عادي ,"2,000.00 ريال يمني", بطاقة ,دفع,خمسة آلاف,ر.ي,7000,"[{""sku"":""ITEM-A"",""name"":""Item A"",""qty"":1,""unit_price"":5000.0,""total"":5000.0}]"
ORD-DIRTY-0145,25/08/2026,مدفوع,CUST-D0145,  محمد  علي 145 ,٠٠٩٦٧٧٧٢000145,user.145@@gmail...com, عدن , المنصورة , عادي ,"2,000.00 ريال يمني", بطاقة ,دفع,خمسة آلاف,ر.ي,7000,"[{""sku"":""ITEM-A"",""name"":""Item A"",""qty"":1,""unit_price"":5000.0,""total"":5000.0}]"
ORD-DIRTY-0146,25/08/2026,مدفوع,CUST-D0146,  محمد  علي 146 ,٠٠٩٦٧٧٧٢000146,user.146@@gmail...com, عدن , المنصورة , عادي ,"2,000.00 ريال يمني", بطاقة ,دفع,خمسة آلاف,ر.ي,7000,"[{""sku"":""ITEM-A"",""name"":""Item A"",""qty"":1,""unit_price"":5000.0,""total"":5000.0}]"
ORD-DIRTY-0147,25/08/2026,مدفوع,CUST-D0147,  محمد  علي 147 ,٠٠٩٦٧٧٧٢000147,user.147@@gmail...com, عدن , المنصورة , عادي ,"2,000.00 ريال يمني", بطاقة ,دفع,خمسة آلاف,ر.ي,7000,"[{""sku"":""ITEM-A"",""name"":""Item A"",""qty"":1,""unit_price"":5000.0,""total"":5000.0}]"
ORD-DIRTY-0148,25/08/2026,مدفوع,CUST-D0148,  محمد  علي 148 ,٠٠٩٦٧٧٧٢000148,user.148@@gmail...com, عدن , المنصورة , عادي ,"2,000.00 ريال يمني", بطاقة ,دفع,خمسة آلاف,ر.ي,7000,"[{""sku"":""ITEM-A"",""name"":""Item A"",""qty"":1,""unit_price"":5000.0,""total"":5000.0}]"
ORD-DIRTY-0149,25/08/2026,مدفوع,CUST-D0149,  محمد  علي 149 ,٠٠٩٦٧٧٧٢000149,user.149@@gmail...com, عدن , المنصورة , عادي ,"2,000.00 ريال يمني", بطاقة ,دفع,خمسة آلاف,ر.ي,7000,"[{""sku"":""ITEM-A"",""name"":""Item A"",""qty"":1,""unit_price"":5000.0,""total"":5000.0}]"
ORD-DIRTY-0150,25/08/2026,مدفوع,CUST-D0150,  محمد  علي 150 ,٠٠٩٦٧٧٧٢000150,user.150@@gmail...com, عدن , المنصورة , عادي ,"2,000.00 ريال يمني", بطاقة ,دفع,خمسة آلاف,ر.ي,7000,"[{""sku"":""ITEM-A"",""name"":""Item A"",""qty"":1,""unit_price"":5000.0,""total"":5000.0}]"
ORD-DIRTY-0151,25/08/2026,مدفوع,CUST-D0151,  محمد  علي 151 ,٠٠٩٦٧٧٧٢000151,user.151@@gmail...com, عدن , المنصورة , عادي ,"2,000.00 ريال يمني", بطاقة ,دفع,خمسة آلاف,ر.ي,7000,"[{""sku"":""ITEM-A"",""name"":""Item A"",""qty"":1,""unit_price"":5000.0,""total"":5000.0}]"
ORD-DIRTY-0152,25/08/2026,مدفوع,CUST-D0152,  محمد  علي 152 ,٠٠٩٦٧٧٧٢000152,user.152@@gmail...com, عدن , المنصورة , عادي ,"2,000.00 ريال يمني", بطاقة ,دفع,خمسة آلاف,ر.ي,7000,"[{""sku"":""ITEM-A"",""name"":""Item A"",""qty"":1,""unit_price"":5000.0,""total"":5000.0}]"
ORD-DIRTY-0153,25/08/2026,مدفوع,CUST-D0153,  محمد  علي 153 ,٠٠٩٦٧٧٧٢000153,user.153@@gmail...com, عدن , المنصورة , عادي ,"2,000.00 ريال يمني", بطاقة ,دفع,خمسة آلاف,ر.ي,7000,"[{""sku"":""ITEM-A"",""name"":""Item A"",""qty"":1,""unit_price"":5000.0,""total"":5000.0}]"
ORD-DIRTY-0154,25/08/2026,مدفوع,CUST-D0154,  محمد  علي 154 ,٠٠٩٦٧٧٧٢000154,user.154@@gmail...com, عدن , المنصورة , عادي ,"2,000.00 ريال يمني", بطاقة ,دفع,خمسة آلاف,ر.ي,7000,"[{""sku"":""ITEM-A"",""name"":""Item A"",""qty"":1,""unit_price"":5000.0,""total"":5000.0}]"
ORD-DIRTY-0155,25/08/2026,مدفوع,CUST-D0155,  محمد  علي 155 ,٠٠٩٦٧٧٧٢000155,user.155@@gmail...com, عدن , المنصورة , عادي ,"2,000.00 ريال يمني", بطاقة ,دفع,خمسة آلاف,ر.ي,7000,"[{""sku"":""ITEM-A"",""name"":""Item A"",""qty"":1,""unit_price"":5000.0,""total"":5000.0}]"
ORD-DIRTY-0156,25/08/2026,مدفوع,CUST-D0156,  محمد  علي 156 ,٠٠٩٦٧٧٧٢000156,user.156@@gmail...com, عدن , المنصورة , عادي ,"2,000.00 ريال يمني", بطاقة ,دفع,خمسة آلاف,ر.ي,7000,"[{""sku"":""ITEM-A"",""name"":""Item A"",""qty"":1,""unit_price"":5000.0,""total"":5000.0}]"
ORD-DIRTY-0157,25/08/2026,مدفوع,CUST-D0157,  محمد  علي 157 ,٠٠٩٦٧٧٧٢000157,user.157@@gmail...com, عدن , المنصورة , عادي ,"2,000.00 ريال يمني", بطاقة ,دفع,خمسة آلاف,ر.ي,7000,"[{""sku"":""ITEM-A"",""name"":""Item A"",""qty"":1,""unit_price"":5000.0,""total"":5000.0}]"
ORD-DIRTY-0158,25/08/2026,مدفوع,CUST-D0158,  محمد  علي 158 ,٠٠٩٦٧٧٧٢000158,user.158@@gmail...com, عدن , المنصورة , عادي ,"2,000.00 ريال يمني", بطاقة ,دفع,خمسة آلاف,ر.ي,7000,"[{""sku"":""ITEM-A"",""name"":""Item A"",""qty"":1,""unit_price"":5000.0,""total"":5000.0}]"
ORD-DIRTY-0159,25/08/2026,مدفوع,CUST-D0159,  محمد  علي 159 ,٠٠٩٦٧٧٧٢000159,user.159@@gmail...com, عدن , المنصورة , عادي ,"2,000.00 ريال يمني", بطاقة ,دفع,خمسة آلاف,ر.ي,7000,"[{""sku"":""ITEM-A"",""name"":""Item A"",""qty"":1,""unit_price"":5000.0,""total"":5000.0}]"
ORD-DIRTY-0160,25/08/2026,مدفوع,CUST-D0160,  محمد  علي 160 ,٠٠٩٦٧٧٧٢000160,user.160@@gmail...com, عدن , المنصورة , عادي ,"2,000.00 ريال يمني", بطاقة ,دفع,خمسة آلاف,ر.ي,7000,"[{""sku"":""ITEM-A"",""name"":""Item A"",""qty"":1,""unit_price"":5000.0,""total"":5000.0}]"
ORD-DIRTY-0161,25/08/2026,مدفوع,CUST-D0161,  محمد  علي 161 ,٠٠٩٦٧٧٧٢000161,user.161@@gmail...com, عدن , المنصورة , عادي ,"2,000.00 ريال يمني", بطاقة ,دفع,خمسة آلاف,ر.ي,7000,"[{""sku"":""ITEM-A"",""name"":""Item A"",""qty"":1,""unit_price"":5000.0,""total"":5000.0}]"
ORD-DIRTY-0162,25/08/2026,مدفوع,CUST-D0162,  محمد  علي 162 ,٠٠٩٦٧٧٧٢000162,user.162@@gmail...com, عدن , المنصورة , عادي ,"2,000.00 ريال يمني", بطاقة ,دفع,خمسة آلاف,ر.ي,7000,"[{""sku"":""ITEM-A"",""name"":""Item A"",""qty"":1,""unit_price"":5000.0,""total"":5000.0}]"
ORD-DIRTY-0163,25/08/2026,مدفوع,CUST-D0163,  محمد  علي 163 ,٠٠٩٦٧٧٧٢000163,user.163@@gmail...com, عدن , المنصورة , عادي ,"2,000.00 ريال يمني", بطاقة ,دفع,خمسة آلاف,ر.ي,7000,"[{""sku"":""ITEM-A"",""name"":""Item A"",""qty"":1,""unit_price"":5000.0,""total"":5000.0}]"
ORD-DIRTY-0164,25/08/2026,مدفوع,CUST-D0164,  محمد  علي 164 ,٠٠٩٦٧٧٧٢000164,user.164@@gmail...com, عدن , المنصورة , عادي ,"2,000.00 ريال يمني", بطاقة ,دفع,خمسة آلاف,ر.ي,7000,"[{""sku"":""ITEM-A"",""name"":""Item A"",""qty"":1,""unit_price"":5000.0,""total"":5000.0}]"
ORD-DIRTY-0165,25/08/2026,مدفوع,CUST-D0165,  محمد  علي 165 ,٠٠٩٦٧٧٧٢000165,user.165@@gmail...com, عدن , المنصورة , عادي ,"2,000.00 ريال يمني", بطاقة ,دفع,خمسة آلاف,ر.ي,7000,"[{""sku"":""ITEM-A"",""name"":""Item A"",""qty"":1,""unit_price"":5000.0,""total"":5000.0}]"
ORD-DIRTY-0166,25/08/2026,مدفوع,CUST-D0166,  محمد  علي 166 ,٠٠٩٦٧٧٧٢000166,user.166@@gmail...com, عدن , المنصورة , عادي ,"2,000.00 ريال يمني", بطاقة ,دفع,خمسة آلاف,ر.ي,7000,"[{""sku"":""ITEM-A"",""name"":""Item A"",""qty"":1,""unit_price"":5000.0,""total"":5000.0}]"
ORD-DIRTY-0167,25/08/2026,مدفوع,CUST-D0167,  محمد  علي 167 ,٠٠٩٦٧٧٧٢000167,user.167@@gmail...com, عدن , المنصورة , عادي ,"2,000.00 ريال يمني", بطاقة ,دفع,خمسة آلاف,ر.ي,7000,"[{""sku"":""ITEM-A"",""name"":""Item A"",""qty"":1,""unit_price"":5000.0,""total"":5000.0}]"
ORD-DIRTY-0168,25/08/2026,مدفوع,CUST-D0168,  محمد  علي 168 ,٠٠٩٦٧٧٧٢000168,user.168@@gmail...com, عدن , المنصورة , عادي ,"2,000.00 ريال يمني", بطاقة ,دفع,خمسة آلاف,ر.ي,7000,"[{""sku"":""ITEM-A"",""name"":""Item A"",""qty"":1,""unit_price"":5000.0,""total"":5000.0}]"
ORD-DIRTY-0169,25/08/2026,مدفوع,CUST-D0169,  محمد  علي 169 ,٠٠٩٦٧٧٧٢000169,user.169@@gmail...com, عدن , المنصورة , عادي ,"2,000.00 ريال يمني", بطاقة ,دفع,خمسة آلاف,ر.ي,7000,"[{""sku"":""ITEM-A"",""name"":""Item A"",""qty"":1,""unit_price"":5000.0,""total"":5000.0}]"
ORD-DIRTY-0170,25/08/2026,مدفوع,CUST-D0170,  محمد  علي 170 ,٠٠٩٦٧٧٧٢000170,user.170@@gmail...com, عدن , المنصورة , عادي ,"2,000.00 ريال يمني", بطاقة ,دفع,خمسة آلاف,ر.ي,7000,"[{""sku"":""ITEM-A"",""name"":""Item A"",""qty"":1,""unit_price"":5000.0,""total"":5000.0}]"
ORD-DIRTY-0171,25/08/2026,مدفوع,CUST-D0171,  محمد  علي 171 ,٠٠٩٦٧٧٧٢000171,user.171@@gmail...com, عدن , المنصورة , عادي ,"2,000.00 ريال يمني", بطاقة ,دفع,خمسة آلاف,ر.ي,7000,"[{""sku"":""ITEM-A"",""name"":""Item A"",""qty"":1,""unit_price"":5000.0,""total"":5000.0}]"
ORD-DIRTY-0172,25/08/2026,مدفوع,CUST-D0172,  محمد  علي 172 ,٠٠٩٦٧٧٧٢000172,user.172@@gmail...com, عدن , المنصورة , عادي ,"2,000.00 ريال يمني", بطاقة ,دفع,خمسة آلاف,ر.ي,7000,"[{""sku"":""ITEM-A"",""name"":""Item A"",""qty"":1,""unit_price"":5000.0,""total"":5000.0}]"
ORD-DIRTY-0173,25/08/2026,مدفوع,CUST-D0173,  محمد  علي 173 ,٠٠٩٦٧٧٧٢000173,user.173@@gmail...com, عدن , المنصورة , عادي ,"2,000.00 ريال يمني", بطاقة ,دفع,خمسة آلاف,ر.ي,7000,"[{""sku"":""ITEM-A"",""name"":""Item A"",""qty"":1,""unit_price"":5000.0,""total"":5000.0}]"
ORD-DIRTY-0174,25/08/2026,مدفوع,CUST-D0174,  محمد  علي 174 ,٠٠٩٦٧٧٧٢000174,user.174@@gmail...com, عدن , المنصورة , عادي ,"2,000.00 ريال يمني", بطاقة ,دفع,خمسة آلاف,ر.ي,7000,"[{""sku"":""ITEM-A"",""name"":""Item A"",""qty"":1,""unit_price"":5000.0,""total"":5000.0}]"
ORD-DIRTY-0175,25/08/2026,مدفوع,CUST-D0175,  محمد  علي 175 ,٠٠٩٦٧٧٧٢000175,user.175@@gmail...com, عدن , المنصورة , عادي ,"2,000.00 ريال يمني", بطاقة ,دفع,خمسة آلاف,ر.ي,7000,"[{""sku"":""ITEM-A"",""name"":""Item A"",""qty"":1,""unit_price"":5000.0,""total"":5000.0}]"
ORD-DIRTY-0176,25/08/2026,مدفوع,CUST-D0176,  محمد  علي 176 ,٠٠٩٦٧٧٧٢000176,user.176@@gmail...com, عدن , المنصورة , عادي ,"2,000.00 ريال يمني", بطاقة ,دفع,خمسة آلاف,ر.ي,7000,"[{""sku"":""ITEM-A"",""name"":""Item A"",""qty"":1,""unit_price"":5000.0,""total"":5000.0}]"
ORD-DIRTY-0177,25/08/2026,مدفوع,CUST-D0177,  محمد  علي 177 ,٠٠٩٦٧٧٧٢000177,user.177@@gmail...com, عدن , المنصورة , عادي ,"2,000.00 ريال يمني", بطاقة ,دفع,خمسة آلاف,ر.ي,7000,"[{""sku"":""ITEM-A"",""name"":""Item A"",""qty"":1,""unit_price"":5000.0,""total"":5000.0}]"
ORD-DIRTY-0178,25/08/2026,مدفوع,CUST-D0178,  محمد  علي 178 ,٠٠٩٦٧٧٧٢000178,user.178@@gmail...com, عدن , المنصورة , عادي ,"2,000.00 ريال يمني", بطاقة ,دفع,خمسة آلاف,ر.ي,7000,"[{""sku"":""ITEM-A"",""name"":""Item A"",""qty"":1,""unit_price"":5000.0,""total"":5000.0}]"
ORD-DIRTY-0179,25/08/2026,مدفوع,CUST-D0179,  محمد  علي 179 ,٠٠٩٦٧٧٧٢000179,user.179@@gmail...com, عدن , المنصورة , عادي ,"2,000.00 ريال يمني", بطاقة ,دفع,خمسة آلاف,ر.ي,7000,"[{""sku"":""ITEM-A"",""name"":""Item A"",""qty"":1,""unit_price"":5000.0,""total"":5000.0}]"
ORD-DIRTY-0180,25/08/2026,مدفوع,CUST-D0180,  محمد  علي 180 ,٠٠٩٦٧٧٧٢000180,user.180@@gmail...com, عدن , المنصورة , عادي ,"2,000.00 ريال يمني", بطاقة ,دفع,خمسة آلاف,ر.ي,7000,"[{""sku"":""ITEM-A"",""name"":""Item A"",""qty"":1,""unit_price"":5000.0,""total"":5000.0}]"
ORD-DIRTY-0181,25/08/2026,مدفوع,CUST-D0181,  محمد  علي 181 ,٠٠٩٦٧٧٧٢000181,user.181@@gmail...com, عدن , المنصورة , عادي ,"2,000.00 ريال يمني", بطاقة ,دفع,خمسة آلاف,ر.ي,7000,"[{""sku"":""ITEM-A"",""name"":""Item A"",""qty"":1,""unit_price"":5000.0,""total"":5000.0}]"
ORD-DIRTY-0182,25/08/2026,مدفوع,CUST-D0182,  محمد  علي 182 ,٠٠٩٦٧٧٧٢000182,user.182@@gmail...com, عدن , المنصورة , عادي ,"2,000.00 ريال يمني", بطاقة ,دفع,خمسة آلاف,ر.ي,7000,"[{""sku"":""ITEM-A"",""name"":""Item A"",""qty"":1,""unit_price"":5000.0,""total"":5000.0}]"
ORD-DIRTY-0183,25/08/2026,مدفوع,CUST-D0183,  محمد  علي 183 ,٠٠٩٦٧٧٧٢000183,user.183@@gmail...com, عدن , المنصورة , عادي ,"2,000.00 ريال يمني", بطاقة ,دفع,خمسة آلاف,ر.ي,7000,"[{""sku"":""ITEM-A"",""name"":""Item A"",""qty"":1,""unit_price"":5000.0,""total"":5000.0}]"
ORD-DIRTY-0184,25/08/2026,مدفوع,CUST-D0184,  محمد  علي 184 ,٠٠٩٦٧٧٧٢000184,user.184@@gmail...com, عدن , المنصورة , عادي ,"2,000.00 ريال يمني", بطاقة ,دفع,خمسة آلاف,ر.ي,7000,"[{""sku"":""ITEM-A"",""name"":""Item A"",""qty"":1,""unit_price"":5000.0,""total"":5000.0}]"
ORD-DIRTY-0185,25/08/2026,مدفوع,CUST-D0185,  محمد  علي 185 ,٠٠٩٦٧٧٧٢000185,user.185@@gmail...com, عدن , المنصورة , عادي ,"2,000.00 ريال يمني", بطاقة ,دفع,خمسة آلاف,ر.ي,7000,"[{""sku"":""ITEM-A"",""name"":""Item A"",""qty"":1,""unit_price"":5000.0,""total"":5000.0}]"
ORD-DIRTY-0186,25/08/2026,مدفوع,CUST-D0186,  محمد  علي 186 ,٠٠٩٦٧٧٧٢000186,user.186@@gmail...com, عدن , المنصورة , عادي ,"2,000.00 ريال يمني", بطاقة ,دفع,خمسة آلاف,ر.ي,7000,"[{""sku"":""ITEM-A"",""name"":""Item A"",""qty"":1,""unit_price"":5000.0,""total"":5000.0}]"
ORD-DIRTY-0187,25/08/2026,مدفوع,CUST-D0187,  محمد  علي 187 ,٠٠٩٦٧٧٧٢000187,user.187@@gmail...com, عدن , المنصورة , عادي ,"2,000.00 ريال يمني", بطاقة ,دفع,خمسة آلاف,ر.ي,7000,"[{""sku"":""ITEM-A"",""name"":""Item A"",""qty"":1,""unit_price"":5000.0,""total"":5000.0}]"
ORD-DIRTY-0188,25/08/2026,مدفوع,CUST-D0188,  محمد  علي 188 ,٠٠٩٦٧٧٧٢000188,user.188@@gmail...com, عدن , المنصورة , عادي ,"2,000.00 ريال يمني", بطاقة ,دفع,خمسة آلاف,ر.ي,7000,"[{""sku"":""ITEM-A"",""name"":""Item A"",""qty"":1,""unit_price"":5000.0,""total"":5000.0}]"
ORD-DIRTY-0189,25/08/2026,مدفوع,CUST-D0189,  محمد  علي 189 ,٠٠٩٦٧٧٧٢000189,user.189@@gmail...com, عدن , المنصورة , عادي ,"2,000.00 ريال يمني", بطاقة ,دفع,خمسة آلاف,ر.ي,7000,"[{""sku"":""ITEM-A"",""name"":""Item A"",""qty"":1,""unit_price"":5000.0,""total"":5000.0}]"
ORD-DIRTY-0190,25/08/2026,مدفوع,CUST-D0190,  محمد  علي 190 ,٠٠٩٦٧٧٧٢000190,user.190@@gmail...com, عدن , المنصورة , عادي ,"2,000.00 ريال يمني", بطاقة ,دفع,خمسة آلاف,ر.ي,7000,"[{""sku"":""ITEM-A"",""name"":""Item A"",""qty"":1,""unit_price"":5000.0,""total"":5000.0}]"
ORD-DIRTY-0191,25/08/2026,مدفوع,CUST-D0191,  محمد  علي 191 ,٠٠٩٦٧٧٧٢000191,user.191@@gmail...com, عدن , المنصورة , عادي ,"2,000.00 ريال يمني", بطاقة ,دفع,خمسة آلاف,ر.ي,7000,"[{""sku"":""ITEM-A"",""name"":""Item A"",""qty"":1,""unit_price"":5000.0,""total"":5000.0}]"
ORD-DIRTY-0192,25/08/2026,مدفوع,CUST-D0192,  محمد  علي 192 ,٠٠٩٦٧٧٧٢000192,user.192@@gmail...com, عدن , المنصورة , عادي ,"2,000.00 ريال يمني", بطاقة ,دفع,خمسة آلاف,ر.ي,7000,"[{""sku"":""ITEM-A"",""name"":""Item A"",""qty"":1,""unit_price"":5000.0,""total"":5000.0}]"
ORD-DIRTY-0193,25/08/2026,مدفوع,CUST-D0193,  محمد  علي 193 ,٠٠٩٦٧٧٧٢000193,user.193@@gmail...com, عدن , المنصورة , عادي ,"2,000.00 ريال يمني", بطاقة ,دفع,خمسة آلاف,ر.ي,7000,"[{""sku"":""ITEM-A"",""name"":""Item A"",""qty"":1,""unit_price"":5000.0,""total"":5000.0}]"
ORD-DIRTY-0194,25/08/2026,مدفوع,CUST-D0194,  محمد  علي 194 ,٠٠٩٦٧٧٧٢000194,user.194@@gmail...com, عدن , المنصورة , عادي ,"2,000.00 ريال يمني", بطاقة ,دفع,خمسة آلاف,ر.ي,7000,"[{""sku"":""ITEM-A"",""name"":""Item A"",""qty"":1,""unit_price"":5000.0,""total"":5000.0}]"
ORD-DIRTY-0195,25/08/2026,مدفوع,CUST-D0195,  محمد  علي 195 ,٠٠٩٦٧٧٧٢000195,user.195@@gmail...com, عدن , المنصورة , عادي ,"2,000.00 ريال يمني", بطاقة ,دفع,خمسة آلاف,ر.ي,7000,"[{""sku"":""ITEM-A"",""name"":""Item A"",""qty"":1,""unit_price"":5000.0,""total"":5000.0}]"
ORD-DIRTY-0196,25/08/2026,مدفوع,CUST-D0196,  محمد  علي 196 ,٠٠٩٦٧٧٧٢000196,user.196@@gmail...com, عدن , المنصورة , عادي ,"2,000.00 ريال يمني", بطاقة ,دفع,خمسة آلاف,ر.ي,7000,"[{""sku"":""ITEM-A"",""name"":""Item A"",""qty"":1,""unit_price"":5000.0,""total"":5000.0}]"
ORD-DIRTY-0197,25/08/2026,مدفوع,CUST-D0197,  محمد  علي 197 ,٠٠٩٦٧٧٧٢000197,user.197@@gmail...com, عدن , المنصورة , عادي ,"2,000.00 ريال يمني", بطاقة ,دفع,خمسة آلاف,ر.ي,7000,"[{""sku"":""ITEM-A"",""name"":""Item A"",""qty"":1,""unit_price"":5000.0,""total"":5000.0}]"
ORD-DIRTY-0198,25/08/2026,مدفوع,CUST-D0198,  محمد  علي 198 ,٠٠٩٦٧٧٧٢000198,user.198@@gmail...com, عدن , المنصورة , عادي ,"2,000.00 ريال يمني", بطاقة ,دفع,خمسة آلاف,ر.ي,7000,"[{""sku"":""ITEM-A"",""name"":""Item A"",""qty"":1,""unit_price"":5000.0,""total"":5000.0}]"
ORD-DIRTY-0199,25/08/2026,مدفوع,CUST-D0199,  محمد  علي 199 ,٠٠٩٦٧٧٧٢000199,user.199@@gmail...com, عدن , المنصورة , عادي ,"2,000.00 ريال يمني", بطاقة ,دفع,خمسة آلاف,ر.ي,7000,"[{""sku"":""ITEM-A"",""name"":""Item A"",""qty"":1,""unit_price"":5000.0,""total"":5000.0}]"
ORD-DIRTY-0200,25/08/2026,مدفوع,CUST-D0200,  محمد  علي 200 ,٠٠٩٦٧٧٧٢000200,user.200@@gmail...com, عدن , المنصورة , عادي ,"2,000.00 ريال يمني", بطاقة ,دفع,خمسة آلاف,ر.ي,7000,"[{""sku"":""ITEM-A"",""name"":""Item A"",""qty"":1,""unit_price"":5000.0,""total"":5000.0}]"
ORD-QUAR-DATE-001,2025-02-31,مؤكد,CUST-Q1,سامي,+967771122334,test@test.com,صنعاء,الوحدة,سريع,1000,كاش,تم الدفع,5000,YER,6000,"[{""sku"":""X"",""name"":""X"",""qty"":1,""unit_price"":5000.0,""total"":5000.0}]"
ORD-QUAR-JSON-001,2026-08-20,مؤكد,CUST-Q1,أحمد,+967771122335,test@test.com,تعز,صالة,عادي,1000,كاش,تم الدفع,5000,YER,6000,BROKEN_MALFORMED_JSON_TEXT
,2026-08-20,مؤكد,CUST-Q1,خالد,+967771122336,test@test.com,إب,المشنة,عادي,1000,كاش,تم الدفع,5000,YER,6000,"[{""sku"":""Y"",""name"":""Y"",""qty"":1,""unit_price"":5000.0,""total"":5000.0}]"
ORD-QUAR-PRICE-001,2026-08-20,مؤكد,CUST-Q1,عمر,+967771122337,test@test.com,الحديدة,الحوك,عادي,1000,كاش,تم الدفع,5000,YER,6000,"[{""sku"":""Z"",""name"":""Z"",""qty"":1,""unit_price"":null,""total"":null}]"
ORD-QUAR-DATE-002,2025-02-31,مؤكد,CUST-Q2,سامي,+967771122334,test@test.com,صنعاء,الوحدة,سريع,1000,كاش,تم الدفع,5000,YER,6000,"[{""sku"":""X"",""name"":""X"",""qty"":1,""unit_price"":5000.0,""total"":5000.0}]"
ORD-QUAR-JSON-002,2026-08-20,مؤكد,CUST-Q2,أحمد,+967771122335,test@test.com,تعز,صالة,عادي,1000,كاش,تم الدفع,5000,YER,6000,BROKEN_MALFORMED_JSON_TEXT
,2026-08-20,مؤكد,CUST-Q2,خالد,+967771122336,test@test.com,إب,المشنة,عادي,1000,كاش,تم الدفع,5000,YER,6000,"[{""sku"":""Y"",""name"":""Y"",""qty"":1,""unit_price"":5000.0,""total"":5000.0}]"
ORD-QUAR-PRICE-002,2026-08-20,مؤكد,CUST-Q2,عمر,+967771122337,test@test.com,الحديدة,الحوك,عادي,1000,كاش,تم الدفع,5000,YER,6000,"[{""sku"":""Z"",""name"":""Z"",""qty"":1,""unit_price"":null,""total"":null}]"
ORD-QUAR-DATE-003,2025-02-31,مؤكد,CUST-Q3,سامي,+967771122334,test@test.com,صنعاء,الوحدة,سريع,1000,كاش,تم الدفع,5000,YER,6000,"[{""sku"":""X"",""name"":""X"",""qty"":1,""unit_price"":5000.0,""total"":5000.0}]"
ORD-QUAR-JSON-003,2026-08-20,مؤكد,CUST-Q3,أحمد,+967771122335,test@test.com,تعز,صالة,عادي,1000,كاش,تم الدفع,5000,YER,6000,BROKEN_MALFORMED_JSON_TEXT
,2026-08-20,مؤكد,CUST-Q3,خالد,+967771122336,test@test.com,إب,المشنة,عادي,1000,كاش,تم الدفع,5000,YER,6000,"[{""sku"":""Y"",""name"":""Y"",""qty"":1,""unit_price"":5000.0,""total"":5000.0}]"
ORD-QUAR-PRICE-003,2026-08-20,مؤكد,CUST-Q3,عمر,+967771122337,test@test.com,الحديدة,الحوك,عادي,1000,كاش,تم الدفع,5000,YER,6000,"[{""sku"":""Z"",""name"":""Z"",""qty"":1,""unit_price"":null,""total"":null}]"
ORD-QUAR-DATE-004,2025-02-31,مؤكد,CUST-Q4,سامي,+967771122334,test@test.com,صنعاء,الوحدة,سريع,1000,كاش,تم الدفع,5000,YER,6000,"[{""sku"":""X"",""name"":""X"",""qty"":1,""unit_price"":5000.0,""total"":5000.0}]"
ORD-QUAR-JSON-004,2026-08-20,مؤكد,CUST-Q4,أحمد,+967771122335,test@test.com,تعز,صالة,عادي,1000,كاش,تم الدفع,5000,YER,6000,BROKEN_MALFORMED_JSON_TEXT
,2026-08-20,مؤكد,CUST-Q4,خالد,+967771122336,test@test.com,إب,المشنة,عادي,1000,كاش,تم الدفع,5000,YER,6000,"[{""sku"":""Y"",""name"":""Y"",""qty"":1,""unit_price"":5000.0,""total"":5000.0}]"
ORD-QUAR-PRICE-004,2026-08-20,مؤكد,CUST-Q4,عمر,+967771122337,test@test.com,الحديدة,الحوك,عادي,1000,كاش,تم الدفع,5000,YER,6000,"[{""sku"":""Z"",""name"":""Z"",""qty"":1,""unit_price"":null,""total"":null}]"
ORD-QUAR-DATE-005,2025-02-31,مؤكد,CUST-Q5,سامي,+967771122334,test@test.com,صنعاء,الوحدة,سريع,1000,كاش,تم الدفع,5000,YER,6000,"[{""sku"":""X"",""name"":""X"",""qty"":1,""unit_price"":5000.0,""total"":5000.0}]"
ORD-QUAR-JSON-005,2026-08-20,مؤكد,CUST-Q5,أحمد,+967771122335,test@test.com,تعز,صالة,عادي,1000,كاش,تم الدفع,5000,YER,6000,BROKEN_MALFORMED_JSON_TEXT
,2026-08-20,مؤكد,CUST-Q5,خالد,+967771122336,test@test.com,إب,المشنة,عادي,1000,كاش,تم الدفع,5000,YER,6000,"[{""sku"":""Y"",""name"":""Y"",""qty"":1,""unit_price"":5000.0,""total"":5000.0}]"
ORD-QUAR-PRICE-005,2026-08-20,مؤكد,CUST-Q5,عمر,+967771122337,test@test.com,الحديدة,الحوك,عادي,1000,كاش,تم الدفع,5000,YER,6000,"[{""sku"":""Z"",""name"":""Z"",""qty"":1,""unit_price"":null,""total"":null}]"
ORD-QUAR-DATE-006,2025-02-31,مؤكد,CUST-Q6,سامي,+967771122334,test@test.com,صنعاء,الوحدة,سريع,1000,كاش,تم الدفع,5000,YER,6000,"[{""sku"":""X"",""name"":""X"",""qty"":1,""unit_price"":5000.0,""total"":5000.0}]"
ORD-QUAR-JSON-006,2026-08-20,مؤكد,CUST-Q6,أحمد,+967771122335,test@test.com,تعز,صالة,عادي,1000,كاش,تم الدفع,5000,YER,6000,BROKEN_MALFORMED_JSON_TEXT
,2026-08-20,مؤكد,CUST-Q6,خالد,+967771122336,test@test.com,إب,المشنة,عادي,1000,كاش,تم الدفع,5000,YER,6000,"[{""sku"":""Y"",""name"":""Y"",""qty"":1,""unit_price"":5000.0,""total"":5000.0}]"
ORD-QUAR-PRICE-006,2026-08-20,مؤكد,CUST-Q6,عمر,+967771122337,test@test.com,الحديدة,الحوك,عادي,1000,كاش,تم الدفع,5000,YER,6000,"[{""sku"":""Z"",""name"":""Z"",""qty"":1,""unit_price"":null,""total"":null}]"
ORD-QUAR-DATE-007,2025-02-31,مؤكد,CUST-Q7,سامي,+967771122334,test@test.com,صنعاء,الوحدة,سريع,1000,كاش,تم الدفع,5000,YER,6000,"[{""sku"":""X"",""name"":""X"",""qty"":1,""unit_price"":5000.0,""total"":5000.0}]"
ORD-QUAR-JSON-007,2026-08-20,مؤكد,CUST-Q7,أحمد,+967771122335,test@test.com,تعز,صالة,عادي,1000,كاش,تم الدفع,5000,YER,6000,BROKEN_MALFORMED_JSON_TEXT
,2026-08-20,مؤكد,CUST-Q7,خالد,+967771122336,test@test.com,إب,المشنة,عادي,1000,كاش,تم الدفع,5000,YER,6000,"[{""sku"":""Y"",""name"":""Y"",""qty"":1,""unit_price"":5000.0,""total"":5000.0}]"
ORD-QUAR-PRICE-007,2026-08-20,مؤكد,CUST-Q7,عمر,+967771122337,test@test.com,الحديدة,الحوك,عادي,1000,كاش,تم الدفع,5000,YER,6000,"[{""sku"":""Z"",""name"":""Z"",""qty"":1,""unit_price"":null,""total"":null}]"
ORD-QUAR-DATE-008,2025-02-31,مؤكد,CUST-Q8,سامي,+967771122334,test@test.com,صنعاء,الوحدة,سريع,1000,كاش,تم الدفع,5000,YER,6000,"[{""sku"":""X"",""name"":""X"",""qty"":1,""unit_price"":5000.0,""total"":5000.0}]"
ORD-QUAR-JSON-008,2026-08-20,مؤكد,CUST-Q8,أحمد,+967771122335,test@test.com,تعز,صالة,عادي,1000,كاش,تم الدفع,5000,YER,6000,BROKEN_MALFORMED_JSON_TEXT
,2026-08-20,مؤكد,CUST-Q8,خالد,+967771122336,test@test.com,إب,المشنة,عادي,1000,كاش,تم الدفع,5000,YER,6000,"[{""sku"":""Y"",""name"":""Y"",""qty"":1,""unit_price"":5000.0,""total"":5000.0}]"
ORD-QUAR-PRICE-008,2026-08-20,مؤكد,CUST-Q8,عمر,+967771122337,test@test.com,الحديدة,الحوك,عادي,1000,كاش,تم الدفع,5000,YER,6000,"[{""sku"":""Z"",""name"":""Z"",""qty"":1,""unit_price"":null,""total"":null}]"
ORD-QUAR-DATE-009,2025-02-31,مؤكد,CUST-Q9,سامي,+967771122334,test@test.com,صنعاء,الوحدة,سريع,1000,كاش,تم الدفع,5000,YER,6000,"[{""sku"":""X"",""name"":""X"",""qty"":1,""unit_price"":5000.0,""total"":5000.0}]"
ORD-QUAR-JSON-009,2026-08-20,مؤكد,CUST-Q9,أحمد,+967771122335,test@test.com,تعز,صالة,عادي,1000,كاش,تم الدفع,5000,YER,6000,BROKEN_MALFORMED_JSON_TEXT
,2026-08-20,مؤكد,CUST-Q9,خالد,+967771122336,test@test.com,إب,المشنة,عادي,1000,كاش,تم الدفع,5000,YER,6000,"[{""sku"":""Y"",""name"":""Y"",""qty"":1,""unit_price"":5000.0,""total"":5000.0}]"
ORD-QUAR-PRICE-009,2026-08-20,مؤكد,CUST-Q9,عمر,+967771122337,test@test.com,الحديدة,الحوك,عادي,1000,كاش,تم الدفع,5000,YER,6000,"[{""sku"":""Z"",""name"":""Z"",""qty"":1,""unit_price"":null,""total"":null}]"
ORD-QUAR-DATE-010,2025-02-31,مؤكد,CUST-Q10,سامي,+967771122334,test@test.com,صنعاء,الوحدة,سريع,1000,كاش,تم الدفع,5000,YER,6000,"[{""sku"":""X"",""name"":""X"",""qty"":1,""unit_price"":5000.0,""total"":5000.0}]"
ORD-QUAR-JSON-010,2026-08-20,مؤكد,CUST-Q10,أحمد,+967771122335,test@test.com,تعز,صالة,عادي,1000,كاش,تم الدفع,5000,YER,6000,BROKEN_MALFORMED_JSON_TEXT
,2026-08-20,مؤكد,CUST-Q10,خالد,+967771122336,test@test.com,إب,المشنة,عادي,1000,كاش,تم الدفع,5000,YER,6000,"[{""sku"":""Y"",""name"":""Y"",""qty"":1,""unit_price"":5000.0,""total"":5000.0}]"
ORD-QUAR-PRICE-010,2026-08-20,مؤكد,CUST-Q10,عمر,+967771122337,test@test.com,الحديدة,الحوك,عادي,1000,كاش,تم الدفع,5000,YER,6000,"[{""sku"":""Z"",""name"":""Z"",""qty"":1,""unit_price"":null,""total"":null}]"
ORD-QUAR-DATE-011,2025-02-31,مؤكد,CUST-Q11,سامي,+967771122334,test@test.com,صنعاء,الوحدة,سريع,1000,كاش,تم الدفع,5000,YER,6000,"[{""sku"":""X"",""name"":""X"",""qty"":1,""unit_price"":5000.0,""total"":5000.0}]"
ORD-QUAR-JSON-011,2026-08-20,مؤكد,CUST-Q11,أحمد,+967771122335,test@test.com,تعز,صالة,عادي,1000,كاش,تم الدفع,5000,YER,6000,BROKEN_MALFORMED_JSON_TEXT
,2026-08-20,مؤكد,CUST-Q11,خالد,+967771122336,test@test.com,إب,المشنة,عادي,1000,كاش,تم الدفع,5000,YER,6000,"[{""sku"":""Y"",""name"":""Y"",""qty"":1,""unit_price"":5000.0,""total"":5000.0}]"
ORD-QUAR-PRICE-011,2026-08-20,مؤكد,CUST-Q11,عمر,+967771122337,test@test.com,الحديدة,الحوك,عادي,1000,كاش,تم الدفع,5000,YER,6000,"[{""sku"":""Z"",""name"":""Z"",""qty"":1,""unit_price"":null,""total"":null}]"
ORD-QUAR-DATE-012,2025-02-31,مؤكد,CUST-Q12,سامي,+967771122334,test@test.com,صنعاء,الوحدة,سريع,1000,كاش,تم الدفع,5000,YER,6000,"[{""sku"":""X"",""name"":""X"",""qty"":1,""unit_price"":5000.0,""total"":5000.0}]"
ORD-QUAR-JSON-012,2026-08-20,مؤكد,CUST-Q12,أحمد,+967771122335,test@test.com,تعز,صالة,عادي,1000,كاش,تم الدفع,5000,YER,6000,BROKEN_MALFORMED_JSON_TEXT
,2026-08-20,مؤكد,CUST-Q12,خالد,+967771122336,test@test.com,إب,المشنة,عادي,1000,كاش,تم الدفع,5000,YER,6000,"[{""sku"":""Y"",""name"":""Y"",""qty"":1,""unit_price"":5000.0,""total"":5000.0}]"
ORD-QUAR-PRICE-012,2026-08-20,مؤكد,CUST-Q12,عمر,+967771122337,test@test.com,الحديدة,الحوك,عادي,1000,كاش,تم الدفع,5000,YER,6000,"[{""sku"":""Z"",""name"":""Z"",""qty"":1,""unit_price"":null,""total"":null}]"
ORD-QUAR-DATE-013,2025-02-31,مؤكد,CUST-Q13,سامي,+967771122334,test@test.com,صنعاء,الوحدة,سريع,1000,كاش,تم الدفع,5000,YER,6000,"[{""sku"":""X"",""name"":""X"",""qty"":1,""unit_price"":5000.0,""total"":5000.0}]"
ORD-QUAR-JSON-013,2026-08-20,مؤكد,CUST-Q13,أحمد,+967771122335,test@test.com,تعز,صالة,عادي,1000,كاش,تم الدفع,5000,YER,6000,BROKEN_MALFORMED_JSON_TEXT
,2026-08-20,مؤكد,CUST-Q13,خالد,+967771122336,test@test.com,إب,المشنة,عادي,1000,كاش,تم الدفع,5000,YER,6000,"[{""sku"":""Y"",""name"":""Y"",""qty"":1,""unit_price"":5000.0,""total"":5000.0}]"
ORD-QUAR-PRICE-013,2026-08-20,مؤكد,CUST-Q13,عمر,+967771122337,test@test.com,الحديدة,الحوك,عادي,1000,كاش,تم الدفع,5000,YER,6000,"[{""sku"":""Z"",""name"":""Z"",""qty"":1,""unit_price"":null,""total"":null}]"
ORD-QUAR-DATE-014,2025-02-31,مؤكد,CUST-Q14,سامي,+967771122334,test@test.com,صنعاء,الوحدة,سريع,1000,كاش,تم الدفع,5000,YER,6000,"[{""sku"":""X"",""name"":""X"",""qty"":1,""unit_price"":5000.0,""total"":5000.0}]"
ORD-QUAR-JSON-014,2026-08-20,مؤكد,CUST-Q14,أحمد,+967771122335,test@test.com,تعز,صالة,عادي,1000,كاش,تم الدفع,5000,YER,6000,BROKEN_MALFORMED_JSON_TEXT
,2026-08-20,مؤكد,CUST-Q14,خالد,+967771122336,test@test.com,إب,المشنة,عادي,1000,كاش,تم الدفع,5000,YER,6000,"[{""sku"":""Y"",""name"":""Y"",""qty"":1,""unit_price"":5000.0,""total"":5000.0}]"
ORD-QUAR-PRICE-014,2026-08-20,مؤكد,CUST-Q14,عمر,+967771122337,test@test.com,الحديدة,الحوك,عادي,1000,كاش,تم الدفع,5000,YER,6000,"[{""sku"":""Z"",""name"":""Z"",""qty"":1,""unit_price"":null,""total"":null}]"
ORD-QUAR-DATE-015,2025-02-31,مؤكد,CUST-Q15,سامي,+967771122334,test@test.com,صنعاء,الوحدة,سريع,1000,كاش,تم الدفع,5000,YER,6000,"[{""sku"":""X"",""name"":""X"",""qty"":1,""unit_price"":5000.0,""total"":5000.0}]"
ORD-QUAR-JSON-015,2026-08-20,مؤكد,CUST-Q15,أحمد,+967771122335,test@test.com,تعز,صالة,عادي,1000,كاش,تم الدفع,5000,YER,6000,BROKEN_MALFORMED_JSON_TEXT
,2026-08-20,مؤكد,CUST-Q15,خالد,+967771122336,test@test.com,إب,المشنة,عادي,1000,كاش,تم الدفع,5000,YER,6000,"[{""sku"":""Y"",""name"":""Y"",""qty"":1,""unit_price"":5000.0,""total"":5000.0}]"
ORD-QUAR-PRICE-015,2026-08-20,مؤكد,CUST-Q15,عمر,+967771122337,test@test.com,الحديدة,الحوك,عادي,1000,كاش,تم الدفع,5000,YER,6000,"[{""sku"":""Z"",""name"":""Z"",""qty"":1,""unit_price"":null,""total"":null}]"
ORD-QUAR-DATE-016,2025-02-31,مؤكد,CUST-Q16,سامي,+967771122334,test@test.com,صنعاء,الوحدة,سريع,1000,كاش,تم الدفع,5000,YER,6000,"[{""sku"":""X"",""name"":""X"",""qty"":1,""unit_price"":5000.0,""total"":5000.0}]"
ORD-QUAR-JSON-016,2026-08-20,مؤكد,CUST-Q16,أحمد,+967771122335,test@test.com,تعز,صالة,عادي,1000,كاش,تم الدفع,5000,YER,6000,BROKEN_MALFORMED_JSON_TEXT
,2026-08-20,مؤكد,CUST-Q16,خالد,+967771122336,test@test.com,إب,المشنة,عادي,1000,كاش,تم الدفع,5000,YER,6000,"[{""sku"":""Y"",""name"":""Y"",""qty"":1,""unit_price"":5000.0,""total"":5000.0}]"
ORD-QUAR-PRICE-016,2026-08-20,مؤكد,CUST-Q16,عمر,+967771122337,test@test.com,الحديدة,الحوك,عادي,1000,كاش,تم الدفع,5000,YER,6000,"[{""sku"":""Z"",""name"":""Z"",""qty"":1,""unit_price"":null,""total"":null}]"
ORD-QUAR-DATE-017,2025-02-31,مؤكد,CUST-Q17,سامي,+967771122334,test@test.com,صنعاء,الوحدة,سريع,1000,كاش,تم الدفع,5000,YER,6000,"[{""sku"":""X"",""name"":""X"",""qty"":1,""unit_price"":5000.0,""total"":5000.0}]"
ORD-QUAR-JSON-017,2026-08-20,مؤكد,CUST-Q17,أحمد,+967771122335,test@test.com,تعز,صالة,عادي,1000,كاش,تم الدفع,5000,YER,6000,BROKEN_MALFORMED_JSON_TEXT
,2026-08-20,مؤكد,CUST-Q17,خالد,+967771122336,test@test.com,إب,المشنة,عادي,1000,كاش,تم الدفع,5000,YER,6000,"[{""sku"":""Y"",""name"":""Y"",""qty"":1,""unit_price"":5000.0,""total"":5000.0}]"
ORD-QUAR-PRICE-017,2026-08-20,مؤكد,CUST-Q17,عمر,+967771122337,test@test.com,الحديدة,الحوك,عادي,1000,كاش,تم الدفع,5000,YER,6000,"[{""sku"":""Z"",""name"":""Z"",""qty"":1,""unit_price"":null,""total"":null}]"
ORD-QUAR-DATE-018,2025-02-31,مؤكد,CUST-Q18,سامي,+967771122334,test@test.com,صنعاء,الوحدة,سريع,1000,كاش,تم الدفع,5000,YER,6000,"[{""sku"":""X"",""name"":""X"",""qty"":1,""unit_price"":5000.0,""total"":5000.0}]"
ORD-QUAR-JSON-018,2026-08-20,مؤكد,CUST-Q18,أحمد,+967771122335,test@test.com,تعز,صالة,عادي,1000,كاش,تم الدفع,5000,YER,6000,BROKEN_MALFORMED_JSON_TEXT
,2026-08-20,مؤكد,CUST-Q18,خالد,+967771122336,test@test.com,إب,المشنة,عادي,1000,كاش,تم الدفع,5000,YER,6000,"[{""sku"":""Y"",""name"":""Y"",""qty"":1,""unit_price"":5000.0,""total"":5000.0}]"
ORD-QUAR-PRICE-018,2026-08-20,مؤكد,CUST-Q18,عمر,+967771122337,test@test.com,الحديدة,الحوك,عادي,1000,كاش,تم الدفع,5000,YER,6000,"[{""sku"":""Z"",""name"":""Z"",""qty"":1,""unit_price"":null,""total"":null}]"
ORD-QUAR-DATE-019,2025-02-31,مؤكد,CUST-Q19,سامي,+967771122334,test@test.com,صنعاء,الوحدة,سريع,1000,كاش,تم الدفع,5000,YER,6000,"[{""sku"":""X"",""name"":""X"",""qty"":1,""unit_price"":5000.0,""total"":5000.0}]"
ORD-QUAR-JSON-019,2026-08-20,مؤكد,CUST-Q19,أحمد,+967771122335,test@test.com,تعز,صالة,عادي,1000,كاش,تم الدفع,5000,YER,6000,BROKEN_MALFORMED_JSON_TEXT
,2026-08-20,مؤكد,CUST-Q19,خالد,+967771122336,test@test.com,إب,المشنة,عادي,1000,كاش,تم الدفع,5000,YER,6000,"[{""sku"":""Y"",""name"":""Y"",""qty"":1,""unit_price"":5000.0,""total"":5000.0}]"
ORD-QUAR-PRICE-019,2026-08-20,مؤكد,CUST-Q19,عمر,+967771122337,test@test.com,الحديدة,الحوك,عادي,1000,كاش,تم الدفع,5000,YER,6000,"[{""sku"":""Z"",""name"":""Z"",""qty"":1,""unit_price"":null,""total"":null}]"
ORD-QUAR-DATE-020,2025-02-31,مؤكد,CUST-Q20,سامي,+967771122334,test@test.com,صنعاء,الوحدة,سريع,1000,كاش,تم الدفع,5000,YER,6000,"[{""sku"":""X"",""name"":""X"",""qty"":1,""unit_price"":5000.0,""total"":5000.0}]"
ORD-QUAR-JSON-020,2026-08-20,مؤكد,CUST-Q20,أحمد,+967771122335,test@test.com,تعز,صالة,عادي,1000,كاش,تم الدفع,5000,YER,6000,BROKEN_MALFORMED_JSON_TEXT
,2026-08-20,مؤكد,CUST-Q20,خالد,+967771122336,test@test.com,إب,المشنة,عادي,1000,كاش,تم الدفع,5000,YER,6000,"[{""sku"":""Y"",""name"":""Y"",""qty"":1,""unit_price"":5000.0,""total"":5000.0}]"
ORD-QUAR-PRICE-020,2026-08-20,مؤكد,CUST-Q20,عمر,+967771122337,test@test.com,الحديدة,الحوك,عادي,1000,كاش,تم الدفع,5000,YER,6000,"[{""sku"":""Z"",""name"":""Z"",""qty"":1,""unit_price"":null,""total"":null}]"
ORD-QUAR-DATE-021,2025-02-31,مؤكد,CUST-Q21,سامي,+967771122334,test@test.com,صنعاء,الوحدة,سريع,1000,كاش,تم الدفع,5000,YER,6000,"[{""sku"":""X"",""name"":""X"",""qty"":1,""unit_price"":5000.0,""total"":5000.0}]"
ORD-QUAR-JSON-021,2026-08-20,مؤكد,CUST-Q21,أحمد,+967771122335,test@test.com,تعز,صالة,عادي,1000,كاش,تم الدفع,5000,YER,6000,BROKEN_MALFORMED_JSON_TEXT
,2026-08-20,مؤكد,CUST-Q21,خالد,+967771122336,test@test.com,إب,المشنة,عادي,1000,كاش,تم الدفع,5000,YER,6000,"[{""sku"":""Y"",""name"":""Y"",""qty"":1,""unit_price"":5000.0,""total"":5000.0}]"
ORD-QUAR-PRICE-021,2026-08-20,مؤكد,CUST-Q21,عمر,+967771122337,test@test.com,الحديدة,الحوك,عادي,1000,كاش,تم الدفع,5000,YER,6000,"[{""sku"":""Z"",""name"":""Z"",""qty"":1,""unit_price"":null,""total"":null}]"
ORD-QUAR-DATE-022,2025-02-31,مؤكد,CUST-Q22,سامي,+967771122334,test@test.com,صنعاء,الوحدة,سريع,1000,كاش,تم الدفع,5000,YER,6000,"[{""sku"":""X"",""name"":""X"",""qty"":1,""unit_price"":5000.0,""total"":5000.0}]"
ORD-QUAR-JSON-022,2026-08-20,مؤكد,CUST-Q22,أحمد,+967771122335,test@test.com,تعز,صالة,عادي,1000,كاش,تم الدفع,5000,YER,6000,BROKEN_MALFORMED_JSON_TEXT
,2026-08-20,مؤكد,CUST-Q22,خالد,+967771122336,test@test.com,إب,المشنة,عادي,1000,كاش,تم الدفع,5000,YER,6000,"[{""sku"":""Y"",""name"":""Y"",""qty"":1,""unit_price"":5000.0,""total"":5000.0}]"
ORD-QUAR-PRICE-022,2026-08-20,مؤكد,CUST-Q22,عمر,+967771122337,test@test.com,الحديدة,الحوك,عادي,1000,كاش,تم الدفع,5000,YER,6000,"[{""sku"":""Z"",""name"":""Z"",""qty"":1,""unit_price"":null,""total"":null}]"
ORD-QUAR-DATE-023,2025-02-31,مؤكد,CUST-Q23,سامي,+967771122334,test@test.com,صنعاء,الوحدة,سريع,1000,كاش,تم الدفع,5000,YER,6000,"[{""sku"":""X"",""name"":""X"",""qty"":1,""unit_price"":5000.0,""total"":5000.0}]"
ORD-QUAR-JSON-023,2026-08-20,مؤكد,CUST-Q23,أحمد,+967771122335,test@test.com,تعز,صالة,عادي,1000,كاش,تم الدفع,5000,YER,6000,BROKEN_MALFORMED_JSON_TEXT
,2026-08-20,مؤكد,CUST-Q23,خالد,+967771122336,test@test.com,إب,المشنة,عادي,1000,كاش,تم الدفع,5000,YER,6000,"[{""sku"":""Y"",""name"":""Y"",""qty"":1,""unit_price"":5000.0,""total"":5000.0}]"
ORD-QUAR-PRICE-023,2026-08-20,مؤكد,CUST-Q23,عمر,+967771122337,test@test.com,الحديدة,الحوك,عادي,1000,كاش,تم الدفع,5000,YER,6000,"[{""sku"":""Z"",""name"":""Z"",""qty"":1,""unit_price"":null,""total"":null}]"
ORD-QUAR-DATE-024,2025-02-31,مؤكد,CUST-Q24,سامي,+967771122334,test@test.com,صنعاء,الوحدة,سريع,1000,كاش,تم الدفع,5000,YER,6000,"[{""sku"":""X"",""name"":""X"",""qty"":1,""unit_price"":5000.0,""total"":5000.0}]"
ORD-QUAR-JSON-024,2026-08-20,مؤكد,CUST-Q24,أحمد,+967771122335,test@test.com,تعز,صالة,عادي,1000,كاش,تم الدفع,5000,YER,6000,BROKEN_MALFORMED_JSON_TEXT
,2026-08-20,مؤكد,CUST-Q24,خالد,+967771122336,test@test.com,إب,المشنة,عادي,1000,كاش,تم الدفع,5000,YER,6000,"[{""sku"":""Y"",""name"":""Y"",""qty"":1,""unit_price"":5000.0,""total"":5000.0}]"
ORD-QUAR-PRICE-024,2026-08-20,مؤكد,CUST-Q24,عمر,+967771122337,test@test.com,الحديدة,الحوك,عادي,1000,كاش,تم الدفع,5000,YER,6000,"[{""sku"":""Z"",""name"":""Z"",""qty"":1,""unit_price"":null,""total"":null}]"
ORD-QUAR-DATE-025,2025-02-31,مؤكد,CUST-Q25,سامي,+967771122334,test@test.com,صنعاء,الوحدة,سريع,1000,كاش,تم الدفع,5000,YER,6000,"[{""sku"":""X"",""name"":""X"",""qty"":1,""unit_price"":5000.0,""total"":5000.0}]"
ORD-QUAR-JSON-025,2026-08-20,مؤكد,CUST-Q25,أحمد,+967771122335,test@test.com,تعز,صالة,عادي,1000,كاش,تم الدفع,5000,YER,6000,BROKEN_MALFORMED_JSON_TEXT
,2026-08-20,مؤكد,CUST-Q25,خالد,+967771122336,test@test.com,إب,المشنة,عادي,1000,كاش,تم الدفع,5000,YER,6000,"[{""sku"":""Y"",""name"":""Y"",""qty"":1,""unit_price"":5000.0,""total"":5000.0}]"
ORD-QUAR-PRICE-025,2026-08-20,مؤكد,CUST-Q25,عمر,+967771122337,test@test.com,الحديدة,الحوك,عادي,1000,كاش,تم الدفع,5000,YER,6000,"[{""sku"":""Z"",""name"":""Z"",""qty"":1,""unit_price"":null,""total"":null}]"
